bet_num,date,bet_size,bet_result,profit,bankroll
4,2024-10-24,37.24000000000001,WIN,46.55000000000001,1046.55
6,2024-10-24,10.0,WIN,9.523809523809524,1056.0738095238096
7,2024-10-24,14.362603809523812,LOSS,-14.362603809523812,1041.7112057142858
8,2024-10-24,49.34734797355102,LOSS,-49.34734797355102,992.3638577407348
10,2024-10-24,10.0,WIN,8.695652173913043,1001.0595099146478
13,2024-10-24,50.0529754957324,WIN,80.08476079317184,1081.1442707078197
14,2024-10-24,10.0,WIN,9.09090909090909,1090.2351797987287
16,2024-10-24,10.0,WIN,9.433962264150944,1099.6691420628797
20,2024-10-24,10.0,WIN,9.523809523809524,1109.1929515866893
21,2024-10-24,11.15182593525257,LOSS,-11.15182593525257,1098.0411256514367
22,2024-10-24,10.0,WIN,9.25925925925926,1107.300384910696
24,2024-10-24,22.4677515836408,LOSS,-22.4677515836408,1084.8326333270552
27,2024-10-25,10.0,WIN,9.523809523809524,1094.3564428508648
28,2024-10-25,10.0,WIN,8.928571428571429,1103.2850142794362
29,2024-10-25,55.16425071397181,WIN,89.91772866377404,1193.2027429432103
33,2024-10-25,10.0,WIN,8.849557522123895,1202.0523004653342
35,2024-10-25,10.0,WIN,8.47457627118644,1210.5268767365205
37,2024-10-25,10.0,LOSS,-10.0,1200.5268767365205
38,2024-10-25,12.070097218708971,WIN,11.718540989037837,1212.2454177255584
40,2024-10-25,16.486537681067595,WIN,16.486537681067595,1228.731955406626
41,2024-10-25,10.0,WIN,8.333333333333336,1237.0652887399592
43,2024-10-25,10.0,WIN,8.695652173913043,1245.7609409138722
44,2024-10-25,62.28804704569362,WIN,109.00408232996384,1354.7650232438361
46,2024-10-25,26.05019601837432,LOSS,-26.05019601837432,1328.714827225462
54,2024-10-25,62.943119529709016,WIN,88.12036734159261,1416.8351945670545
55,2024-10-25,10.0,WIN,8.771929824561402,1425.6071243916158
57,2024-10-25,71.2803562195808,LOSS,-71.2803562195808,1354.326768172035
58,2024-10-25,23.081409794652384,LOSS,-23.081409794652384,1331.2453583773824
60,2024-10-25,25.597946462513654,WIN,26.87784378563934,1358.1232021630217
66,2024-10-25,67.90616010815108,LOSS,-67.90616010815108,1290.2170420548705
67,2024-10-25,10.0,LOSS,-10.0,1280.2170420548705
70,2024-10-25,10.0,LOSS,-10.0,1270.2170420548705
72,2024-10-25,63.51085210274353,WIN,101.61736336438965,1371.83440541926
74,2024-10-25,68.59172027096301,LOSS,-68.59172027096301,1303.2426851482971
78,2024-10-25,65.16213425741486,WIN,104.25941481186379,1407.5020999601609
81,2024-10-25,10.0,WIN,9.09090909090909,1416.5930090510699
83,2024-10-25,10.0,LOSS,-10.0,1406.5930090510699
84,2024-10-25,10.0,LOSS,-10.0,1396.5930090510699
87,2024-10-25,10.0,LOSS,-10.0,1386.5930090510699
91,2024-10-25,10.0,LOSS,-10.0,1376.5930090510699
92,2024-10-25,13.84026611299945,WIN,13.437151566018883,1390.0301606170888
94,2024-10-26,18.904410184392408,WIN,18.904410184392408,1408.9345708014812
95,2024-10-26,10.0,WIN,9.25925925925926,1418.1938300607405
100,2024-10-26,70.90969150303702,LOSS,-70.90969150303702,1347.2841385577035
105,2024-10-26,10.0,WIN,9.25925925925926,1356.5433978169629
106,2024-10-26,10.0,WIN,7.692307692307693,1364.2357055092705
107,2024-10-26,68.21178527546353,LOSS,-68.21178527546353,1296.0239202338068
110,2024-10-26,10.0,LOSS,-10.0,1286.0239202338068
112,2024-10-26,64.30119601169035,WIN,93.236734216951,1379.2606544507578
113,2024-10-26,45.92937979321026,LOSS,-45.92937979321026,1333.3312746575475
116,2024-10-26,66.66656373287738,LOSS,-66.66656373287738,1266.66471092467
117,2024-10-26,12.735047003636627,LOSS,-12.735047003636627,1253.9296639210334
123,2024-10-26,17.053443429326055,WIN,17.053443429326055,1270.9831073503594
128,2024-10-26,63.549155367517976,WIN,108.03356412478055,1379.01667147514
129,2024-10-26,10.0,WIN,9.09090909090909,1388.107580566049
131,2024-10-26,15.59677677524012,LOSS,-15.59677677524012,1372.5108037908087
142,2024-10-26,10.0,LOSS,-10.0,1362.5108037908087
143,2024-10-26,53.759566902071114,WIN,68.81224563465103,1431.3230494254597
150,2024-10-27,10.0,WIN,8.403361344537815,1439.7264107699975
155,2024-10-27,68.20189683019017,WIN,95.48265556226623,1535.2090663322638
156,2024-10-27,15.434991952904573,WIN,14.985429080489878,1550.1944954127537
159,2024-10-27,10.088665776146211,LOSS,-10.088665776146211,1540.1058296366075
164,2024-10-27,11.84341382990549,WIN,11.279441742767133,1551.3852713793747
165,2024-10-27,11.930152736907369,WIN,11.362050225626065,1562.7473216050007
171,2024-10-27,78.13736608025005,WIN,125.01978572840008,1687.7671073334009
176,2024-10-27,32.45335037815366,WIN,34.07601789706134,1721.8431252304622
177,2024-10-27,23.417066503134286,LOSS,-23.417066503134286,1698.426058727328
178,2024-10-27,10.0,WIN,8.695652173913043,1707.121710901241
179,2024-10-27,10.0,LOSS,-10.0,1697.121710901241
184,2024-10-27,10.0,WIN,8.47457627118644,1705.5962871724273
185,2024-10-27,85.27981435862137,WIN,132.18371225586313,1837.7799994282905
187,2024-10-27,10.0,LOSS,-10.0,1827.7799994282905
190,2024-10-27,68.06652717870955,LOSS,-68.06652717870955,1759.713472249581
194,2024-10-28,23.932103222594304,WIN,23.932103222594304,1783.6455754721753
195,2024-10-28,10.0,LOSS,-10.0,1773.6455754721753
198,2024-10-28,10.0,WIN,8.333333333333336,1781.9789088055086
200,2024-10-28,24.234913159754917,WIN,24.234913159754917,1806.2138219652636
203,2024-10-28,10.0,LOSS,-10.0,1796.2138219652636
210,2024-10-28,15.936009028475867,WIN,15.323085604303719,1811.5369075695673
216,2024-10-28,13.930718819209947,WIN,13.267351256390427,1824.8042588259577
222,2024-10-28,35.088379033996254,LOSS,-35.088379033996254,1789.7158797919615
224,2024-10-28,10.0,WIN,9.09090909090909,1798.8067888828705
229,2024-10-28,10.0,WIN,8.695652173913043,1807.5024410567835
230,2024-10-28,10.0,WIN,8.47457627118644,1815.9770173279699
233,2024-10-28,32.95299833751293,WIN,34.27111827101345,1850.2481355989833
235,2024-10-28,92.51240677994917,WIN,152.64547118691613,2002.8936067858995
237,2024-10-28,100.14468033929498,LOSS,-100.14468033929498,1902.7489264466044
246,2024-10-28,10.0,WIN,9.09090909090909,1911.8398355375134
249,2024-10-28,10.0,LOSS,-10.0,1901.8398355375134
251,2024-10-28,36.569663123335594,WIN,38.39814627950238,1940.2379818170157
254,2024-10-28,14.920430080172823,WIN,14.209933409688404,1954.447915226704
255,2024-10-28,10.0,WIN,8.849557522123895,1963.2974727488279
261,2024-10-28,10.0,LOSS,-10.0,1953.2974727488279
262,2024-10-28,69.7374839173106,LOSS,-69.7374839173106,1883.5599888315173
265,2024-10-29,10.0,LOSS,-10.0,1873.5599888315173
268,2024-10-29,14.407676314114342,LOSS,-14.407676314114342,1859.152312517403
269,2024-10-29,10.0,WIN,7.8125,1866.964812517403
272,2024-10-29,10.0,LOSS,-10.0,1856.964812517403
281,2024-10-29,10.0,WIN,9.09090909090909,1866.055721608312
290,2024-10-30,10.0,LOSS,-10.0,1856.055721608312
294,2024-10-30,92.80278608041561,LOSS,-92.80278608041561,1763.2529355278964
300,2024-10-30,10.0,WIN,7.874015748031496,1771.126951275928
302,2024-10-30,69.88202777128085,LOSS,-69.88202777128085,1701.244923504647
304,2024-10-30,10.0,WIN,9.09090909090909,1710.335832595556
306,2024-10-30,10.0,LOSS,-10.0,1700.335832595556
308,2024-10-30,17.095176460915713,WIN,16.597258699918168,1716.9330912954742
314,2024-10-30,51.34221988867021,WIN,59.55697507085744,1776.4900663663316
315,2024-10-30,17.86083112724709,WIN,17.340612744900085,1793.8306791112316
330,2024-10-30,88.15360639430955,LOSS,-88.15360639430955,1705.677072716922
335,2024-10-30,17.14887728909593,WIN,16.649395426306725,1722.3264681432288
339,2024-10-30,10.0,LOSS,-10.0,1712.3264681432288
340,2024-10-30,10.0,WIN,9.174311926605505,1721.5007800698343
353,2024-10-30,86.07503900349172,LOSS,-86.07503900349172,1635.4257410663427
361,2024-10-30,10.0,WIN,9.00900900900901,1644.4347500753518
367,2024-11-01,10.0,WIN,8.771929824561402,1653.206679899913
378,2024-11-01,10.0,WIN,9.09090909090909,1662.297588990822
382,2024-11-01,22.607247210275183,LOSS,-22.607247210275183,1639.690341780547
384,2024-11-01,10.0,LOSS,-10.0,1629.690341780547
391,2024-11-01,10.0,LOSS,-10.0,1619.690341780547
400,2024-11-01,16.28436669626161,WIN,15.81006475365205,1635.500406534199
401,2024-11-01,10.0,LOSS,-10.0,1625.500406534199
407,2024-11-01,14.42143960677146,WIN,13.866768852664865,1639.367175386864
409,2024-11-01,10.0,LOSS,-10.0,1629.367175386864
412,2024-11-01,10.0,WIN,9.09090909090909,1638.458084477773
415,2024-11-01,81.92290422388865,LOSS,-81.92290422388865,1556.5351802538842
424,2024-11-01,10.0,WIN,8.771929824561402,1565.3071100784455
426,2024-11-01,78.26535550392228,WIN,125.22456880627566,1690.531678884721
430,2024-11-01,10.0,WIN,8.771929824561402,1699.3036087092823
436,2024-11-01,69.46230289754709,LOSS,-69.46230289754709,1629.8413058117353
437,2024-11-01,16.386424488631178,LOSS,-16.386424488631178,1613.454881323104
439,2024-11-01,21.942986385994217,WIN,21.942986385994217,1635.3978677090981
440,2024-11-01,10.0,LOSS,-10.0,1625.3978677090981
445,2024-11-01,10.0,WIN,8.333333333333336,1633.7312010424314
446,2024-11-01,10.0,WIN,9.09090909090909,1642.8221101333404
450,2024-11-02,20.40056496363583,WIN,20.19857917191666,1663.020689305257
451,2024-11-02,10.0,LOSS,-10.0,1653.020689305257
452,2024-11-02,10.0,LOSS,-10.0,1643.020689305257
457,2024-11-02,12.634829100757404,LOSS,-12.634829100757404,1630.3858602044997
458,2024-11-02,12.53766726497258,LOSS,-12.53766726497258,1617.8481929395273
463,2024-11-02,10.0,WIN,9.174311926605505,1627.0225048661327
467,2024-11-02,12.511803062420539,LOSS,-12.511803062420539,1614.5107018037122
470,2024-11-02,12.415587296870525,WIN,11.824368854162406,1626.3350706578747
472,2024-11-02,10.584188639841459,WIN,9.985083622491942,1636.3201542803665
473,2024-11-02,22.253954098212986,WIN,22.253954098212986,1658.5741083785795
478,2024-11-02,10.0,WIN,8.771929824561402,1667.3460382031408
480,2024-11-03,59.52832026150629,LOSS,-59.52832026150629,1607.8177179416346
485,2024-11-03,10.0,WIN,8.928571428571429,1616.746289370206
488,2024-11-03,39.36042329939468,LOSS,-39.36042329939468,1577.3858660708113
491,2024-11-03,33.649915681245226,WIN,36.005409778932396,1613.3912758497436
495,2024-11-09,10.0,WIN,8.695652173913043,1622.0869280236566
499,2024-11-09,10.0,WIN,8.928571428571429,1631.015499452228
500,2024-11-09,81.5507749726114,LOSS,-81.5507749726114,1549.4647244796165
501,2024-11-09,10.0,LOSS,-10.0,1539.4647244796165
502,2024-11-09,11.83848373124823,WIN,11.2747464107126,1550.7394708903291
515,2024-11-10,11.92518653114661,WIN,11.357320505853915,1562.096791396183
520,2024-11-10,41.027356442598354,LOSS,-41.027356442598354,1521.0694349535847
521,2024-11-10,10.0,WIN,9.09090909090909,1530.1603440444937
523,2024-11-10,20.810180679005118,WIN,20.810180679005118,1550.9705247234988
524,2024-11-10,10.0,LOSS,-10.0,1540.9705247234988
525,2024-11-10,11.850063335123684,LOSS,-11.850063335123684,1529.1204613883751
526,2024-11-10,10.0,WIN,9.00900900900901,1538.1294703973842
527,2024-11-10,10.0,WIN,9.09090909090909,1547.2203794882932
529,2024-11-10,10.0,LOSS,-10.0,1537.2203794882932
534,2024-11-10,10.0,LOSS,-10.0,1527.2203794882932
535,2024-11-10,10.0,WIN,9.345794392523363,1536.5661738808167
540,2024-11-10,13.632415094670648,WIN,13.108091437183315,1549.674265318
541,2024-11-10,11.916995100295397,WIN,11.349519143138474,1561.0237844611383
542,2024-11-10,10.0,LOSS,-10.0,1551.0237844611383
547,2024-11-10,11.927372902506132,LOSS,-11.927372902506132,1539.0964115586323
549,2024-11-10,40.423267895007825,WIN,45.27406004240877,1584.3704716010411
550,2024-11-10,10.0,WIN,9.09090909090909,1593.4613806919501
553,2024-11-16,21.671074777410524,LOSS,-21.671074777410524,1571.7903059145397
554,2024-11-16,13.944923594073838,LOSS,-13.944923594073838,1557.845382320466
557,2024-11-16,10.0,WIN,8.196721311475411,1566.0421036319412
558,2024-11-16,15.74498730991553,WIN,15.286395446519933,1581.3284990784612
561,2024-11-16,79.06642495392306,LOSS,-79.06642495392306,1502.262074124538
564,2024-11-16,75.11310370622691,LOSS,-75.11310370622691,1427.1489704183111
569,2024-11-17,71.35744852091555,WIN,124.87553491160222,1552.0245053299134
571,2024-11-17,10.0,WIN,8.47457627118644,1560.4990816010998
579,2024-11-17,13.844747851965,WIN,13.312257549966347,1573.811339151066
583,2024-11-17,10.0,LOSS,-10.0,1563.811339151066
588,2024-11-17,10.0,WIN,9.174311926605505,1572.9856510776715
589,2024-11-17,30.246266947864925,WIN,31.758580295258174,1604.7442313729296
596,2024-11-17,10.0,LOSS,-10.0,1594.7442313729296
598,2024-11-17,10.0,LOSS,-10.0,1584.7442313729296
604,2024-11-17,10.0,LOSS,-10.0,1574.7442313729296
605,2024-11-17,10.0,LOSS,-10.0,1564.7442313729296
608,2024-11-17,10.0,WIN,8.771929824561402,1573.5161611974909
613,2024-11-17,78.67580805987456,WIN,121.94750249280557,1695.4636636902965
614,2024-11-17,10.0,WIN,8.47457627118644,1703.9382399614829
615,2024-11-17,63.454660056165636,LOSS,-63.454660056165636,1640.4835799053171
616,2024-11-17,20.371525095264236,LOSS,-20.371525095264236,1620.112054810053
626,2024-11-17,20.118551496631248,LOSS,-20.118551496631248,1599.9935033134218
628,2024-11-17,12.30395004048019,WIN,11.718047657600183,1611.711550971022
631,2024-11-17,74.37698435654968,WIN,102.64023841203856,1714.3517893830606
635,2024-11-17,10.0,LOSS,-10.0,1704.3517893830606
639,2024-11-17,10.0,WIN,8.403361344537815,1712.7551507275984
655,2024-11-24,10.0,LOSS,-10.0,1702.7551507275984
657,2024-11-24,10.0,LOSS,-10.0,1692.7551507275984
663,2024-11-24,10.0,WIN,9.09090909090909,1701.8460598185075
664,2024-11-24,13.087196200004298,LOSS,-13.087196200004298,1688.7588636185033
673,2024-11-24,12.986555661226266,LOSS,-12.986555661226266,1675.772307957277
682,2024-11-24,59.8291586436064,WIN,73.58986513163588,1749.3621730889129
684,2024-11-24,10.0,LOSS,-10.0,1739.3621730889129
691,2024-11-24,11.319769022462657,WIN,10.679027379681752,1750.0412004685945
696,2024-11-24,10.0,LOSS,-10.0,1740.0412004685945
699,2024-11-24,87.00206002342973,WIN,156.60370804217354,1896.6449085107681
701,2024-11-24,94.83224542553842,LOSS,-94.83224542553842,1801.8126630852298
707,2024-11-29,10.0,WIN,8.333333333333336,1810.145996418563
708,2024-11-29,10.0,WIN,8.547008547008547,1818.6930049655716
711,2024-11-29,18.28513947192385,WIN,17.752562594100823,1836.4455675596723
712,2024-11-29,91.82227837798362,WIN,146.9156454047738,1983.3612129644462
713,2024-11-29,12.907714773972629,WIN,12.17708940940814,1995.5383023738543
719,2024-11-29,15.345689545254912,WIN,14.614942424052298,2010.1532447979066
721,2024-11-29,10.0,LOSS,-10.0,2000.1532447979066
725,2024-11-29,10.0,LOSS,-10.0,1990.1532447979066
728,2024-11-29,10.0,LOSS,-10.0,1980.1532447979066
732,2024-11-29,22.24900185854927,LOSS,-22.24900185854927,1957.9042429393573
734,2024-11-29,10.0,WIN,8.47457627118644,1966.3788192105437
735,2024-11-29,10.0,LOSS,-10.0,1956.3788192105437
736,2024-11-29,10.0,WIN,9.00900900900901,1965.3878282195528
739,2024-11-29,10.0,LOSS,-10.0,1955.3878282195528
744,2024-11-29,10.0,LOSS,-10.0,1945.3878282195528
749,2024-11-30,26.45727446378592,WIN,26.45727446378592,1971.8451026833388
751,2024-11-30,15.163488839634848,LOSS,-15.163488839634848,1956.681613843704
760,2024-12-01,10.0,WIN,8.620689655172413,1965.3023034988764
764,2024-12-01,98.26511517494383,LOSS,-98.26511517494383,1867.0371883239327
769,2024-12-01,10.0,LOSS,-10.0,1857.0371883239327
775,2024-12-01,10.0,WIN,9.09090909090909,1866.1280974148417
778,2024-12-01,14.350525069120106,LOSS,-14.350525069120106,1851.7775723457216
785,2024-12-01,10.0,WIN,8.403361344537815,1860.1809336902595
788,2024-12-01,10.0,WIN,8.333333333333336,1868.5142670235928
803,2024-12-01,14.368874713411403,WIN,13.684642584201336,1882.1989096077941
813,2024-12-01,42.07760229034312,WIN,45.44381047357057,1927.6427200813646
814,2024-12-01,10.0,LOSS,-10.0,1917.6427200813646
815,2024-12-01,14.746672517425667,WIN,14.044450016595874,1931.6871700979605
821,2024-12-01,10.0,WIN,8.130081300813007,1939.8172513987736
826,2024-12-07,10.0,WIN,8.547008547008547,1948.3642599457821
830,2024-12-07,10.0,LOSS,-10.0,1938.3642599457821
833,2024-12-07,10.0,LOSS,-10.0,1928.3642599457821
834,2024-12-07,10.0,WIN,9.25925925925926,1937.6235192050415
836,2024-12-07,10.0,WIN,9.00900900900901,1946.6325282140506
839,2024-12-08,64.82286318952792,LOSS,-64.82286318952792,1881.8096650245227
846,2024-12-08,12.246817299979607,WIN,11.553601226395855,1893.3632662509185
847,2024-12-08,10.0,WIN,8.849557522123895,1902.2128237730424
848,2024-12-08,87.78298657185684,LOSS,-87.78298657185684,1814.4298372011856
851,2024-12-08,13.95296544807709,LOSS,-13.95296544807709,1800.4768717531085
855,2024-12-08,10.0,LOSS,-10.0,1790.4768717531085
856,2024-12-08,10.0,LOSS,-10.0,1780.4768717531085
862,2024-12-08,10.0,WIN,8.333333333333336,1788.8102050864418
866,2024-12-08,24.32781878917561,LOSS,-24.32781878917561,1764.4823862972662
868,2024-12-08,88.22411931486332,LOSS,-88.22411931486332,1676.2582669824028
872,2024-12-08,10.0,WIN,9.09090909090909,1685.3491760733118
880,2024-12-08,12.960335164003745,LOSS,-12.960335164003745,1672.388840909308
882,2024-12-08,10.0,LOSS,-10.0,1662.388840909308
885,2024-12-08,10.0,WIN,8.333333333333336,1670.7221742426414
887,2024-12-08,22.721821569699923,WIN,22.721821569699923,1693.4439958123412
891,2024-12-08,37.857881328604776,WIN,40.88651183489316,1734.3305076472343
892,2024-12-08,86.71652538236172,LOSS,-86.71652538236172,1647.6139822648727
901,2024-12-08,12.670151523616848,WIN,12.06681097487319,1659.6807932397458
902,2024-12-08,18.648173392841777,WIN,18.282522934158603,1677.9633161739043
905,2024-12-08,22.8203010999651,WIN,22.8203010999651,1700.7836172738694
907,2024-12-08,85.03918086369347,LOSS,-85.03918086369347,1615.744436410176
911,2024-12-08,10.0,WIN,8.333333333333336,1624.0777697435092
916,2024-12-14,39.53891152157383,LOSS,-39.53891152157383,1584.5388582219352
919,2024-12-14,79.22694291109677,LOSS,-79.22694291109677,1505.3119153108385
921,2024-12-14,75.26559576554193,LOSS,-75.26559576554193,1430.0463195452965
926,2024-12-14,10.99705619730331,LOSS,-10.99705619730331,1419.0492633479932
929,2024-12-15,59.96128160037706,WIN,79.14889171249773,1498.198155060491
934,2024-12-15,10.0,LOSS,-10.0,1488.198155060491
937,2024-12-15,20.239494908822678,WIN,20.239494908822678,1508.4376499693137
946,2024-12-15,10.0,WIN,9.174311926605505,1517.6119618959192
948,2024-12-15,10.0,LOSS,-10.0,1507.6119618959192
950,2024-12-15,10.0,WIN,9.433962264150944,1517.0459241600702
953,2024-12-15,20.631824568576956,LOSS,-20.631824568576956,1496.4140995914931
954,2024-12-15,15.044947357292864,WIN,14.60674500708045,1511.0208445985736
955,2024-12-15,10.0,WIN,9.433962264150944,1520.4548068627246
956,2024-12-15,20.678185373333054,WIN,20.678185373333054,1541.1329922360576
957,2024-12-15,11.851312710295261,LOSS,-11.851312710295261,1529.2816795257622
958,2024-12-15,13.567787060752604,WIN,13.045949096877504,1542.3276286226396
965,2024-12-21,11.860499464108077,WIN,11.295713775341026,1553.6233423979807
968,2024-12-21,11.94736350304045,LOSS,-11.94736350304045,1541.6759788949403
971,2024-12-21,10.0,WIN,9.174311926605505,1550.8502908215457
972,2024-12-21,10.09293369266663,LOSS,-10.09293369266663,1540.7573571288792
973,2024-12-22,10.0,LOSS,-10.0,1530.7573571288792
974,2024-12-22,15.390234468573745,WIN,14.941975212207518,1545.6993323410868
975,2024-12-22,10.0,WIN,8.849557522123895,1554.5488898632107
976,2024-12-22,17.46691132650303,WIN,17.124422869120618,1571.6733127323312
977,2024-12-22,45.605859518154666,LOSS,-45.605859518154666,1526.0674532141766
979,2024-12-22,10.0,WIN,9.433962264150944,1535.5014154783275
983,2024-12-22,20.882819250505257,LOSS,-20.882819250505257,1514.6185962278223
986,2024-12-22,10.0,WIN,9.09090909090909,1523.7095053187313
1001,2024-12-25,10.0,WIN,7.7519379844961245,1531.4614433032275
1003,2024-12-25,10.0,LOSS,-10.0,1521.4614433032275
1004,2024-12-25,17.09514077695506,WIN,16.759941938191233,1538.2213852414188
1007,2024-12-25,27.91280190603467,LOSS,-27.91280190603467,1510.3085833353841
1013,2024-12-25,10.0,LOSS,-10.0,1500.3085833353841
1016,2024-12-25,20.404196733361225,WIN,20.404196733361225,1520.7127800687454
1020,2024-12-25,10.0,WIN,9.25925925925926,1529.9720393280047
1022,2024-12-25,11.765484982432335,LOSS,-11.765484982432335,1518.2065543455724
1024,2024-12-25,11.675008402917431,LOSS,-11.675008402917431,1506.531545942655
1025,2024-12-25,10.0,WIN,8.547008547008547,1515.0785544896635
1026,2024-12-25,10.0,WIN,9.09090909090909,1524.1694635805725
1028,2024-12-25,15.32399978683907,WIN,14.877669695960261,1539.0471332765328
1032,2024-12-25,13.654426166429442,LOSS,-13.654426166429442,1525.3927071101034
1033,2024-12-25,11.730269917676674,LOSS,-11.730269917676674,1513.6624371924268
1034,2024-12-25,11.64006414200974,LOSS,-11.64006414200974,1502.022373050417
1035,2024-12-25,10.0,WIN,9.174311926605505,1511.1966849770224
1037,2024-12-25,10.0,WIN,8.333333333333336,1519.5300183103557
1038,2024-12-25,11.685185840806614,LOSS,-11.685185840806614,1507.8448324695491
1039,2024-12-25,10.0,LOSS,-10.0,1497.8448324695491
1048,2024-12-28,10.0,WIN,9.174311926605505,1507.0191443961546
1049,2024-12-28,10.0,WIN,8.333333333333336,1515.3524777294879
1054,2024-12-28,10.0,WIN,6.993006993006993,1522.3454847224948
1059,2024-12-28,11.706836777515964,LOSS,-11.706836777515964,1510.6386479449789
1063,2024-12-28,13.402386084567894,WIN,12.886909696699899,1523.5255576416787
1064,2024-12-28,10.0,WIN,8.928571428571429,1532.45412907025
1065,2024-12-28,10.0,LOSS,-10.0,1522.45412907025
1068,2024-12-28,10.0,WIN,9.09090909090909,1531.545038161159
1070,2024-12-29,10.0,LOSS,-10.0,1521.545038161159
1071,2024-12-29,10.0,WIN,8.333333333333336,1529.8783714944923
1074,2024-12-29,10.0,LOSS,-10.0,1519.8783714944923
1076,2024-12-29,11.687864676792625,WIN,11.131299692183452,1531.0096711866756
1078,2024-12-29,13.583117802768228,WIN,13.060690194969451,1544.0703613816452
1079,2024-12-29,10.0,LOSS,-10.0,1534.0703613816452
1081,2024-12-29,10.0,WIN,8.547008547008547,1542.6173699286537
1082,2024-12-29,11.862727574751325,LOSS,-11.862727574751325,1530.7546423539025
1084,2024-12-29,20.818263136013076,LOSS,-20.818263136013076,1509.9363792178895
1086,2024-12-29,11.611410756185549,WIN,11.058486434462429,1520.9948656523518
1092,2024-12-29,10.0,WIN,9.09090909090909,1530.0857747432608
1094,2024-12-29,10.0,WIN,9.09090909090909,1539.1766838341698
1100,2024-12-29,20.93280290014471,LOSS,-20.93280290014471,1518.2438809340251
1101,2024-12-29,10.0,WIN,8.333333333333336,1526.5772142673584
1104,2024-12-29,10.0,WIN,8.771929824561402,1535.3491440919197
1111,2024-12-31,10.0,LOSS,-10.0,1525.3491440919197
1112,2024-12-31,20.74474835965011,WIN,20.74474835965011,1546.09389245157
1113,2024-12-31,10.0,WIN,8.47457627118644,1554.5684687227563
1115,2024-12-31,10.0,WIN,9.09090909090909,1563.6593778136653
1116,2024-12-31,21.265767538265848,WIN,21.265767538265848,1584.9251453519312
1121,2024-12-31,12.188074367756329,WIN,11.607689874053648,1596.5328352259849
1123,2024-12-31,10.0,WIN,9.09090909090909,1605.6237443168939
1124,2024-12-31,12.347246593796891,LOSS,-12.347246593796891,1593.276497723097
1125,2024-12-31,17.90205472841671,LOSS,-17.90205472841671,1575.3744429946803
1133,2024-12-31,10.0,WIN,8.849557522123895,1584.2240005168042
1134,2024-12-31,12.182682563974202,LOSS,-12.182682563974202,1572.04131795283
1144,2025-01-04,12.08899773505724,WIN,11.513331176244993,1583.554649129075
1146,2025-01-04,10.0,LOSS,-10.0,1573.554649129075
1147,2025-01-04,21.40034322815542,WIN,21.40034322815542,1594.9549923572304
1148,2025-01-04,12.26520389122708,LOSS,-12.26520389122708,1582.6897884660034
1149,2025-01-04,10.0,LOSS,-10.0,1572.6897884660034
1150,2025-01-04,10.0,WIN,9.09090909090909,1581.7806975569124
1151,2025-01-04,10.0,LOSS,-10.0,1571.7806975569124
1153,2025-01-05,10.229148779700397,WIN,9.650140358207922,1581.4308379151203
1157,2025-01-05,10.0,LOSS,-10.0,1571.4308379151203
1159,2025-01-05,21.371459395645637,WIN,21.371459395645637,1592.8022973107659
1168,2025-01-05,12.248649666319768,WIN,11.665380634590255,1604.4676779453562
1171,2025-01-05,12.338356443399766,WIN,11.75081566038073,1616.218493605737
1174,2025-01-05,18.159830994154053,LOSS,-18.159830994154053,1598.0586626115828
1175,2025-01-05,17.955787133103737,LOSS,-17.955787133103737,1580.102875478479
1177,2025-01-05,10.0,LOSS,-10.0,1570.102875478479
1179,2025-01-05,12.074091112429482,LOSS,-12.074091112429482,1558.0287843660496
1185,2025-01-05,10.0,LOSS,-10.0,1548.0287843660496
1188,2025-01-05,10.0,LOSS,-10.0,1538.0287843660496
1189,2025-01-05,11.8274413517749,WIN,11.264229858833238,1549.2930142248829
1192,2025-01-05,11.914063279389328,WIN,11.346726932751741,1560.6397411576347
1194,2025-01-05,12.00131960950219,LOSS,-12.00131960950219,1548.6384215481326
1198,2025-01-05,10.0,LOSS,-10.0,1538.6384215481326
1202,2025-01-05,44.647273153966225,LOSS,-44.647273153966225,1493.9911483941664
1207,2025-01-05,10.0,WIN,9.09090909090909,1503.0820574850754
1210,2025-01-05,10.0,LOSS,-10.0,1493.0820574850754
1215,2025-01-11,10.0,WIN,9.09090909090909,1502.1729665759844
1219,2025-01-11,10.0,LOSS,-10.0,1492.1729665759844
1221,2025-01-11,10.0,LOSS,-10.0,1482.1729665759844
1232,2025-01-12,36.08417458627718,WIN,39.6925920449049,1521.8655586208893
1240,2025-01-12,10.0,WIN,9.174311926605505,1531.0398705474947
1241,2025-01-12,10.0,LOSS,-10.0,1521.0398705474947
1242,2025-01-12,10.0,LOSS,-10.0,1511.0398705474947
1249,2025-01-12,11.619896604510213,LOSS,-11.619896604510213,1499.4199739429846
1257,2025-01-12,10.0,WIN,9.433962264150944,1508.8539362071356
1258,2025-01-12,10.0,WIN,9.433962264150944,1518.2878984712866
1262,2025-01-12,10.0,WIN,9.433962264150944,1527.7218607354375
1265,2025-01-12,10.0,LOSS,-10.0,1517.7218607354375
1269,2025-01-12,10.0,LOSS,-10.0,1507.7218607354375
1270,2025-01-12,11.594381109055494,LOSS,-11.594381109055494,1496.127479626382
1276,2025-01-12,11.505220318326856,WIN,10.957352684120815,1507.0848323105029
1277,2025-01-12,10.0,WIN,9.09090909090909,1516.1757414014119
1280,2025-01-12,10.0,LOSS,-10.0,1506.1757414014119
1285,2025-01-12,16.92339063038626,WIN,16.591559441555155,1522.767300842967
1287,2025-01-12,11.710080543482395,LOSS,-11.710080543482395,1511.0572202994845
1291,2025-01-12,10.0,WIN,9.433962264150944,1520.4911825636354
1294,2025-01-12,10.0,LOSS,-10.0,1510.4911825636354
1303,2025-01-12,10.0,LOSS,-10.0,1500.4911825636354
1304,2025-01-12,27.228143843597046,WIN,28.31726959734093,1528.8084521609765
1306,2025-01-12,20.79179494938928,LOSS,-20.79179494938928,1508.0166572115872
1307,2025-01-12,10.0,LOSS,-10.0,1498.0166572115872
1308,2025-01-12,10.0,WIN,9.25925925925926,1507.2759164708466
1309,2025-01-12,10.0,LOSS,-10.0,1497.2759164708466
1312,2025-01-12,10.0,LOSS,-10.0,1487.2759164708466
1313,2025-01-12,11.437151797660789,LOSS,-11.437151797660789,1475.8387646731858
1317,2025-01-12,10.0,WIN,9.09090909090909,1484.9296737640948
1320,2025-01-12,16.684669814413365,LOSS,-16.684669814413365,1468.2450039496814
1327,2025-01-18,11.290804080373029,LOSS,-11.290804080373029,1456.9541998693085
1330,2025-01-18,11.20397779699496,WIN,10.670455044757107,1467.6246549140656
1336,2025-01-19,13.02076593839763,LOSS,-13.02076593839763,1454.6038889756678
1339,2025-01-19,10.0,WIN,9.09090909090909,1463.6947980665768
1340,2025-01-19,14.715987499761356,WIN,14.287366504622677,1477.9821645711995
1342,2025-01-19,10.0,LOSS,-10.0,1467.9821645711995
1351,2025-01-19,11.288782845552504,WIN,10.751221757669052,1478.7333863288686
1355,2025-01-19,11.371459740868978,LOSS,-11.371459740868978,1467.3619265879997
1357,2025-01-19,10.0,WIN,8.333333333333336,1475.695259921333
1361,2025-01-19,10.0,WIN,9.09090909090909,1484.786169012242
1364,2025-01-20,10.0,WIN,9.25925925925926,1494.0454282715014
1369,2025-01-20,10.0,WIN,8.695652173913043,1502.7410804454144
1372,2025-01-20,15.108558822798189,LOSS,-15.108558822798189,1487.6325216226162
1377,2025-01-20,10.0,WIN,9.25925925925926,1496.8917808818755
1378,2025-01-20,49.84649630336648,LOSS,-49.84649630336648,1447.0452845785092
1380,2025-01-20,11.127778238408714,LOSS,-11.127778238408714,1435.9175063401005
1386,2025-01-20,11.042205623755352,LOSS,-11.042205623755352,1424.8753007163452
1387,2025-01-20,10.957291062508675,LOSS,-10.957291062508675,1413.9180096538366
1389,2025-01-20,10.0,WIN,9.09090909090909,1423.0089187447456
1390,2025-01-20,10.0,LOSS,-10.0,1413.0089187447456
1393,2025-01-20,10.866038585147074,LOSS,-10.866038585147074,1402.1428801595985
1397,2025-01-20,10.0,LOSS,-10.0,1392.1428801595985
1406,2025-01-20,10.705578748427293,LOSS,-10.705578748427293,1381.4373014111711
1408,2025-01-20,26.563065824277647,LOSS,-26.563065824277647,1354.8742355868935
1412,2025-01-20,32.985029117288214,WIN,36.28353202901704,1391.1577676159106
1414,2025-01-20,10.0,LOSS,-10.0,1381.1577676159106
1416,2025-01-20,10.621103232966334,WIN,10.11533641234889,1391.2731040282595
1417,2025-01-20,10.0,WIN,9.25925925925926,1400.5323632875188
1422,2025-01-20,10.0,WIN,9.09090909090909,1409.6232723784278
1424,2025-01-20,14.172352380492706,WIN,13.759565417954084,1423.3828377963819
1425,2025-01-20,10.0,WIN,8.849557522123895,1432.2323953185057
1440,2025-01-20,10.0,WIN,9.174311926605505,1441.4067072451112
1457,2025-01-23,27.71619182788455,LOSS,-27.71619182788455,1413.6905154172266
1463,2025-01-25,10.871280063558453,WIN,10.35360006053186,1424.0441154777584
1464,2025-01-25,10.950899248023942,LOSS,-10.950899248023942,1413.0932162297345
1469,2025-01-25,52.623591372395325,WIN,65.77948921549415,1478.8727054452286
1473,2025-01-25,10.0,WIN,8.695652173913043,1487.5683576191416
1477,2025-01-25,10.0,WIN,8.0,1495.5683576191416
1486,2025-01-25,11.500920670091178,WIN,10.953257781039218,1506.5216154001807
1489,2025-01-25,10.0,LOSS,-10.0,1496.5216154001807
1490,2025-01-25,10.0,WIN,8.695652173913043,1505.2172675740937
1492,2025-01-25,10.0,WIN,9.25925925925926,1514.476526833353
1495,2025-01-25,11.646324491348464,LOSS,-11.646324491348464,1502.8302023420047
1500,2025-01-25,20.438490751851266,WIN,20.438490751851266,1523.268693093856
1513,2025-01-25,13.514439845128733,WIN,12.994653697239166,1536.263346791095
1514,2025-01-25,11.8138651368235,LOSS,-11.8138651368235,1524.4494816542715
1516,2025-01-26,11.723016513921326,LOSS,-11.723016513921326,1512.7264651403502
1517,2025-01-26,10.0,LOSS,-10.0,1502.7264651403502
1519,2025-01-26,20.437079925908765,LOSS,-20.437079925908765,1482.2893852144414
1535,2025-02-01,10.0,WIN,8.196721311475411,1490.4861065259167
1536,2025-02-01,10.0,LOSS,-10.0,1480.4861065259167
1545,2025-02-01,36.04310721160371,WIN,39.647417932764085,1520.1335244586808
1549,2025-02-01,10.0,WIN,9.09090909090909,1529.2244335495898
1550,2025-02-01,10.0,LOSS,-10.0,1519.2244335495898
1552,2025-02-01,20.661452296274422,WIN,20.661452296274422,1539.885885845864
1558,2025-02-01,10.0,WIN,8.849557522123895,1548.735443367988
1560,2025-02-01,37.704668339449775,WIN,41.475135173394754,1590.2105785413828
1561,2025-02-01,10.0,WIN,8.333333333333336,1598.543911874716
1566,2025-02-02,10.0,LOSS,-10.0,1588.543911874716
1568,2025-02-02,12.215902682316544,LOSS,-12.215902682316544,1576.3280091923996
1572,2025-02-02,17.711621511285795,WIN,17.364334814986073,1593.6923440073856
1573,2025-02-02,12.255494125416773,LOSS,-12.255494125416773,1581.4368498819688
1578,2025-02-02,10.0,WIN,8.695652173913043,1590.1325020558818
1583,2025-02-02,10.0,WIN,8.333333333333336,1598.465835389215
1592,2025-02-02,30.736214491912605,WIN,32.27302521650824,1630.7388606057232
1594,2025-02-02,22.178048504237836,WIN,22.178048504237836,1652.9169091099611
1598,2025-02-02,10.0,WIN,8.130081300813007,1661.0469904107742
1599,2025-02-02,12.77345135625883,WIN,12.165191767865553,1673.2121821786398
1601,2025-02-02,10.8892648816186,LOSS,-10.8892648816186,1662.3229172970211
1603,2025-02-02,40.47000702292206,LOSS,-40.47000702292206,1621.852910274099
1605,2025-02-02,22.057199579727747,LOSS,-22.057199579727747,1599.7957106943713
1609,2025-02-02,12.302429015239692,LOSS,-12.302429015239692,1587.4932816791315
1614,2025-02-02,10.0,LOSS,-10.0,1577.4932816791315
1615,2025-02-08,10.0,LOSS,-10.0,1567.4932816791315
1616,2025-02-08,10.0,WIN,9.174311926605505,1576.667593605737
1618,2025-02-08,10.0,WIN,8.849557522123895,1585.5171511278609
1619,2025-02-08,10.31854561954013,LOSS,-10.31854561954013,1575.1986055083207
1622,2025-02-08,15.83704677978065,LOSS,-15.83704677978065,1559.36155872854
1626,2025-02-08,10.0,WIN,8.0,1567.36155872854
1628,2025-02-08,12.053010386622452,LOSS,-12.053010386622452,1555.3085483419177
1630,2025-02-08,17.47544684916978,WIN,17.132791028597826,1572.4413393705156
1634,2025-02-08,38.281799153038584,WIN,42.10997906834245,1614.551318438858
1637,2025-02-08,10.0,WIN,9.09090909090909,1623.642227529767
1638,2025-02-08,66.36949843917829,LOSS,-66.36949843917829,1557.2727290905889
1640,2025-02-08,10.0,LOSS,-10.0,1547.2727290905889
1642,2025-02-08,11.898527286706607,WIN,11.331930749244387,1558.6046598398332
1643,2025-02-08,21.197023373821732,WIN,21.197023373821732,1579.801683213655
1646,2025-02-09,10.0,WIN,9.09090909090909,1588.892592304564
1647,2025-02-09,10.0,WIN,8.0,1596.892592304564
1648,2025-02-09,14.167631078926135,WIN,13.62272219127513,1610.5153144958392
1649,2025-02-09,12.384862768472981,WIN,11.795107398545698,1622.310421894385
1655,2025-02-09,22.063421737763637,LOSS,-22.063421737763637,1600.2470001566212
1659,2025-02-09,10.0,WIN,5.882352941176471,1606.1293530977978
1661,2025-02-09,10.0,WIN,8.695652173913043,1614.8250052717108
1662,2025-02-09,21.96162007169527,WIN,21.96162007169527,1636.786625343406
1663,2025-02-09,10.0,WIN,8.0,1644.786625343406
1664,2025-02-09,40.0430780242695,LOSS,-40.0430780242695,1604.7435473191365
1666,2025-02-09,30.856925924165093,LOSS,-30.856925924165093,1573.8866213949714
1668,2025-02-09,21.40485805097161,LOSS,-21.40485805097161,1552.4817633439998
1669,2025-02-09,21.113751981478398,WIN,21.113751981478398,1573.5955153254781
1671,2025-02-09,10.0,LOSS,-10.0,1563.5955153254781
1674,2025-02-09,26.647918132061655,WIN,27.447355676023506,1591.0428710015017
1675,2025-02-09,10.0,WIN,8.0,1599.0428710015017
1682,2025-02-22,10.0,LOSS,-10.0,1589.0428710015017
1689,2025-02-22,21.610983045620426,LOSS,-21.610983045620426,1567.4318879558812
1690,2025-02-22,12.053551218380704,LOSS,-12.053551218380704,1555.3783367375004
1694,2025-02-23,45.13302182341771,WIN,51.90297509693036,1607.2813118344307
1696,2025-02-23,10.0,LOSS,-10.0,1597.2813118344307
1698,2025-02-23,16.059066309183358,LOSS,-16.059066309183358,1581.2222455252472
1700,2025-02-23,10.0,WIN,9.09090909090909,1590.3131546161562
1709,2025-02-23,12.229508158998218,LOSS,-12.229508158998218,1578.083646457158
1713,2025-02-23,10.270168371143194,LOSS,-10.270168371143194,1567.8134780860148
1729,2025-02-23,10.0,LOSS,-10.0,1557.8134780860148
1747,2025-02-23,29.95452773576821,WIN,31.45225412255662,1589.2657322085715
1750,2025-02-23,12.221453480683893,WIN,11.639479505413233,1600.9052117139847
1752,2025-02-23,12.31096107808052,WIN,11.724724836267162,1612.6299365502518
1755,2025-02-23,12.401124212071414,LOSS,-12.401124212071414,1600.2288123381804
1761,2025-02-23,10.0,WIN,8.849557522123895,1609.0783698603043
1762,2025-02-23,10.0,LOSS,-10.0,1599.0783698603043
1765,2025-02-23,10.0,WIN,9.174311926605505,1608.2526817869098
1770,2025-02-23,30.924401566931135,WIN,32.470621645277696,1640.7233034321875
1776,2025-02-23,10.0,LOSS,-10.0,1630.7233034321875
1781,2025-02-23,47.319336204810504,WIN,54.41723663553208,1685.1405400677197
1784,2025-02-23,22.91791134492099,WIN,22.91791134492099,1708.0584514126408
1785,2025-02-23,10.0,LOSS,-10.0,1698.0584514126408
1794,2025-03-01,10.0,WIN,3.8461538461538467,1701.9046052587946
1796,2025-03-01,41.43364120802778,LOSS,-41.43364120802778,1660.4709640507667
1799,2025-03-01,22.58240511109043,WIN,22.58240511109043,1683.053369161857
1800,2025-03-01,10.953311326505377,WIN,10.333312572174885,1693.386681734032
1801,2025-03-01,10.0,LOSS,-10.0,1683.386681734032
1803,2025-03-01,37.633044484987465,LOSS,-37.633044484987465,1645.7536372490445
1805,2025-03-01,14.601126269673568,WIN,14.039544490070739,1659.7931817391152
1806,2025-03-02,22.573187271651967,WIN,22.573187271651967,1682.3663690107671
1809,2025-03-02,10.0,WIN,9.09090909090909,1691.4572781016761
1828,2025-03-02,11.00800396588572,LOSS,-11.00800396588572,1680.4492741357903
1832,2025-03-02,12.922654918104204,WIN,12.30729039819448,1692.7565645339848
1833,2025-03-02,13.017297981266319,LOSS,-13.017297981266319,1679.7392665527186
1847,2025-03-02,32.298986468285115,WIN,33.91393579169937,1713.6532023444179
1850,2025-03-02,13.17799312602855,WIN,12.550469643836715,1726.2036719882547
1852,2025-03-02,19.395624458460023,WIN,19.015318096529434,1745.218990084784
1853,2025-03-02,10.0,LOSS,-10.0,1735.218990084784
1854,2025-03-02,10.0,WIN,8.0,1743.218990084784
1855,2025-03-02,23.707778265153067,WIN,23.707778265153067,1766.9267683499372
1857,2025-03-02,10.0,WIN,9.25925925925926,1776.1860276091966
1858,2025-03-02,13.658870552314697,LOSS,-13.658870552314697,1762.5271570568818
1859,2025-03-02,11.4705267381262,WIN,10.821251639741698,1773.3484086966234
1865,2025-03-02,11.540951443797637,LOSS,-11.540951443797637,1761.8074572528258
1866,2025-03-02,17.7132121752199,WIN,17.197293373999905,1779.0047506268256
1867,2025-03-02,10.0,WIN,9.09090909090909,1788.0956597177346
1872,2025-03-02,34.38252511400099,WIN,36.101651369701045,1824.1973110874358
1882,2025-03-08,24.80908343078913,WIN,24.80908343078913,1849.0063945182249
1886,2025-03-08,20.77543584880677,LOSS,-20.77543584880677,1828.230958669418
1888,2025-03-08,10.0,WIN,8.403361344537815,1836.6343200139559
1890,2025-03-09,10.0,LOSS,-10.0,1826.6343200139559
1895,2025-03-09,35.123568496268334,WIN,36.879746921081754,1863.5140669350376
1899,2025-03-09,10.0,WIN,9.09090909090909,1872.6049760259466
1902,2025-03-09,10.0,WIN,8.333333333333336,1880.9383093592799
1903,2025-03-09,10.0,WIN,9.09090909090909,1890.0292184501889
1905,2025-03-09,10.0,WIN,9.09090909090909,1899.1201275410979
1906,2025-03-09,10.0,LOSS,-10.0,1889.1201275410979
1907,2025-03-09,10.0,WIN,8.849557522123895,1897.9696850632217
1908,2025-03-09,25.812387716859817,WIN,25.812387716859817,1923.7820727800815
1911,2025-03-09,10.0,WIN,9.174311926605505,1932.956384706687
1912,2025-03-09,10.0,WIN,8.695652173913043,1941.6520368806
1916,2025-03-09,26.40646770157616,WIN,26.40646770157616,1968.0585045821763
1920,2025-03-09,47.91327886610066,WIN,52.70460675271073,2020.763111334887
1921,2025-03-09,10.0,WIN,9.09090909090909,2029.854020425796
1922,2025-03-09,18.008864869217717,LOSS,-18.008864869217717,2011.8451555565784
1924,2025-03-09,27.36109411556947,LOSS,-27.36109411556947,1984.484061441009
1925,2025-03-09,15.260682432481332,LOSS,-15.260682432481332,1969.2233790085277
1926,2025-03-09,26.78143795451598,LOSS,-26.78143795451598,1942.4419410540117
1932,2025-03-09,14.937378526705324,LOSS,-14.937378526705324,1927.5045625273065
1936,2025-03-09,12.544199692927723,LOSS,-12.544199692927723,1914.9603628343787
1938,2025-03-09,42.81000277803077,LOSS,-42.81000277803077,1872.1503600563478
1939,2025-03-09,10.0,LOSS,-10.0,1862.1503600563478
1941,2025-03-09,14.319936268833288,LOSS,-14.319936268833288,1847.8304237875145
1943,2025-03-10,44.98627159002698,WIN,49.48489874902968,1897.3153225365443
1944,2025-03-10,10.0,WIN,8.0,1905.3153225365443
1946,2025-03-10,16.903957541544273,LOSS,-16.903957541544273,1888.411364995
1947,2025-03-10,70.32443923241382,LOSS,-70.32443923241382,1818.0869257625861
1948,2025-03-10,24.725982190371173,WIN,24.725982190371173,1842.8129079529574
1949,2025-03-10,18.527640976559024,LOSS,-18.527640976559024,1824.2852669763984
1951,2025-03-10,20.497669259746804,LOSS,-20.497669259746804,1803.7875977166516
1952,2025-03-10,10.0,LOSS,-10.0,1793.7875977166516
1955,2025-03-10,10.0,WIN,9.345794392523363,1803.133392109175
1957,2025-03-10,13.86609578531953,WIN,13.205805509828124,1816.3391976190032
1959,2025-03-10,10.0,WIN,9.09090909090909,1825.4301067099123
1960,2025-03-10,10.0,LOSS,-10.0,1815.4301067099123
1961,2025-03-10,10.0,LOSS,-10.0,1805.4301067099123
1964,2025-03-10,10.0,LOSS,-10.0,1795.4301067099123
1968,2025-03-10,10.0,LOSS,-10.0,1785.4301067099123
1969,2025-03-10,10.0,LOSS,-10.0,1775.4301067099123
1977,2025-03-10,10.0,WIN,8.849557522123895,1784.279664232036
1978,2025-03-10,34.30914897223313,WIN,36.02460642084479,1820.3042706528809
1979,2025-03-10,11.846540193408961,WIN,11.175981314536756,1831.4802519674176
1980,2025-03-10,10.0,LOSS,-10.0,1821.4802519674176
1981,2025-03-10,10.0,LOSS,-10.0,1811.4802519674176
1982,2025-03-10,24.636131426756883,WIN,24.636131426756883,1836.1163833941746
1985,2025-03-10,10.0,LOSS,-10.0,1826.1163833941746
1987,2025-03-10,10.0,WIN,9.09090909090909,1835.2072924850836
1988,2025-03-10,10.0,LOSS,-10.0,1825.2072924850836
1989,2025-03-10,20.508029138362392,LOSS,-20.508029138362392,1804.6992633467212
1993,2025-03-10,10.0,LOSS,-10.0,1794.6992633467212
1994,2025-03-10,13.80123733513626,LOSS,-13.80123733513626,1780.898026011585
2000,2025-03-10,10.0,WIN,8.695652173913043,1789.593678185498
2002,2025-03-10,10.0,LOSS,-10.0,1779.593678185498
2006,2025-03-10,10.0,WIN,8.695652173913043,1788.289330359411
2007,2025-03-10,13.751944950463846,WIN,13.097090429013187,1801.3864207884242
2008,2025-03-11,13.852661575862957,WIN,13.193011024631389,1814.5794318130556
2011,2025-03-11,10.0,LOSS,-10.0,1804.5794318130556
2012,2025-03-11,10.0,WIN,9.09090909090909,1813.6703409039646
2015,2025-03-11,10.0,WIN,9.174311926605505,1822.84465283057
2019,2025-03-11,10.0,WIN,8.695652173913043,1831.5403050044831
2020,2025-03-11,24.908948148060972,WIN,24.908948148060972,1856.449253152544
2025,2025-03-11,35.69686706776176,WIN,37.48171042114985,1893.930963573694
2030,2025-03-11,10.0,LOSS,-10.0,1883.930963573694
2031,2025-03-11,10.0,LOSS,-10.0,1873.930963573694
2048,2025-03-11,36.03301538528844,WIN,37.83466615455286,1911.765629728247
2051,2025-03-11,55.47445136002746,LOSS,-55.47445136002746,1856.2911783682196
2052,2025-03-11,14.274879161651583,WIN,13.595123011096746,1869.8863013793164
2053,2025-03-11,12.169220049376603,LOSS,-12.169220049376603,1857.7170813299397
2055,2025-03-12,18.677487535691206,LOSS,-18.677487535691206,1839.0395937942485
2057,2025-03-12,14.142214476277745,WIN,13.468775691693091,1852.5083694859416
2062,2025-03-12,10.0,LOSS,-10.0,1842.5083694859416
2065,2025-03-12,25.058113825008807,LOSS,-25.058113825008807,1817.4502556609327
2066,2025-03-12,10.0,WIN,8.771929824561402,1826.222185485494
2069,2025-03-12,44.46020920663779,LOSS,-44.46020920663779,1781.7619762788563
2073,2025-03-12,10.0,WIN,7.092198581560284,1788.8541748604166
2074,2025-03-12,10.0,WIN,9.174311926605505,1798.028486787022
2075,2025-03-12,34.573519188790435,LOSS,-34.573519188790435,1763.4549675982316
2077,2025-03-12,10.0,WIN,8.695652173913043,1772.1506197721446
2078,2025-03-12,34.07592477447579,WIN,35.77972101319958,1807.9303407853442
2079,2025-03-12,24.587852634680683,WIN,24.587852634680683,1832.518193420025
2083,2025-03-12,14.092064907399967,LOSS,-14.092064907399967,1818.426128512625
2084,2025-03-12,10.0,WIN,9.09090909090909,1827.517037603534
2089,2025-03-12,24.85423171140806,WIN,24.85423171140806,1852.371269314942
2090,2025-03-12,10.0,LOSS,-10.0,1842.371269314942
2091,2025-03-12,16.345517901362218,WIN,15.71684413592521,1858.0881134508672
2092,2025-03-12,12.092437442338257,WIN,11.407959851262508,1869.4960733021298
2093,2025-03-12,10.0,LOSS,-10.0,1859.4960733021298
2099,2025-03-13,10.0,WIN,7.692307692307693,1867.1883809944375
2104,2025-03-13,10.0,WIN,8.47457627118644,1875.6629572656238
2105,2025-03-13,10.0,WIN,6.8965517241379315,1882.5595089897618
2111,2025-03-13,10.0,WIN,9.09090909090909,1891.6504180806708
2115,2025-03-13,19.018653303383054,WIN,18.464711945032093,1910.115130025703
2118,2025-03-13,10.0,LOSS,-10.0,1900.115130025703
2119,2025-03-13,14.611885349897628,WIN,13.916081285616789,1914.0312113113198
2126,2025-03-14,10.0,WIN,9.09090909090909,1923.1221204022288
2132,2025-03-14,14.788809105893112,WIN,14.084580100850584,1937.2067005030794
2136,2025-03-14,17.186897846863374,LOSS,-17.186897846863374,1920.0198026562161
2137,2025-03-14,19.30387909590559,LOSS,-19.30387909590559,1900.7159235603106
2141,2025-03-14,10.0,LOSS,-10.0,1890.7159235603106
2144,2025-03-14,46.03033857540469,WIN,50.633372432945166,1941.3492959932557
2146,2025-03-14,26.40235042550828,LOSS,-26.40235042550828,1914.9469455677474
2148,2025-03-14,10.0,WIN,9.25925925925926,1924.2062048270068
2150,2025-03-14,14.797145715119655,WIN,14.092519728685387,1938.2987245556922
2151,2025-03-14,26.360862653957415,LOSS,-26.360862653957415,1911.9378619017348
2158,2025-03-14,16.962712710792243,WIN,16.31030068345408,1928.2481625851888
2161,2025-03-14,14.828228370280074,WIN,14.122122257409595,1942.3702848425983
2167,2025-03-15,14.936827490439553,WIN,14.225549990894812,1956.595834833493
2168,2025-03-15,17.358918246642805,LOSS,-17.358918246642805,1939.2369165868502
2169,2025-03-15,10.0,LOSS,-10.0,1929.2369165868502
2170,2025-03-15,10.0,LOSS,-10.0,1919.2369165868502
2174,2025-03-15,10.0,LOSS,-10.0,1909.2369165868502
2175,2025-03-15,14.682031888552851,WIN,13.982887512907478,1923.2198040997575
2178,2025-03-15,26.155789335756705,WIN,26.155789335756705,1949.3755934355142
2180,2025-03-15,19.599022216400652,WIN,19.028176909126845,1968.403770344641
2181,2025-03-15,10.0,WIN,8.333333333333336,1976.7371036779743
2182,2025-03-15,10.0,WIN,8.928571428571429,1985.6656751065457
2185,2025-03-15,15.269769041569308,LOSS,-15.269769041569308,1970.3959060649763
2186,2025-03-15,15.15234451763964,LOSS,-15.15234451763964,1955.2435615473366
2188,2025-03-15,15.03582298829899,LOSS,-15.03582298829899,1940.2077385590376
2190,2025-03-15,10.0,LOSS,-10.0,1930.2077385590376
2192,2025-03-16,10.0,LOSS,-10.0,1920.2077385590376
2193,2025-03-16,10.0,WIN,9.174311926605505,1929.382050485643
2194,2025-03-16,14.836947968234568,WIN,14.130426636413876,1943.512477122057
2196,2025-03-16,10.0,WIN,9.25925925925926,1952.7717363813163
2198,2025-03-16,10.0,WIN,8.695652173913043,1961.4673885552293
2204,2025-03-16,17.402138671262048,LOSS,-17.402138671262048,1944.0652498839672
2206,2025-03-16,43.46065869740602,WIN,46.937511393198506,1991.0027612771657
2209,2025-03-16,38.284138809700906,LOSS,-38.284138809700906,1952.718622467465
2219,2025-03-16,26.556973265557524,WIN,26.556973265557524,1979.2755957330223
2222,2025-03-16,26.918148101969106,WIN,26.918148101969106,2006.1937438349914
2226,2025-03-16,10.0,LOSS,-10.0,1996.1937438349914
2229,2025-03-16,27.148234916155886,LOSS,-27.148234916155886,1969.0455089188356
2231,2025-03-16,15.141959963585817,WIN,14.420914251034112,1983.4664231698698
2232,2025-03-16,48.28839164771742,LOSS,-48.28839164771742,1935.1780315221524
2233,2025-03-16,10.0,WIN,8.695652173913043,1943.8736836960654
2235,2025-03-16,10.0,WIN,9.09090909090909,1952.9645927869744
2236,2025-03-16,17.32670186720609,WIN,16.660290256928935,1969.6248830439033
2240,2025-03-16,26.786898409397086,LOSS,-26.786898409397086,1942.8379846345063
2244,2025-03-16,56.37609004108995,LOSS,-56.37609004108995,1886.4618945934162
2246,2025-03-16,10.0,WIN,8.333333333333336,1894.7952279267495
2247,2025-03-16,12.331327343347299,WIN,11.633327682403113,1906.4285556091527
2248,2025-03-16,55.31958339189339,LOSS,-55.31958339189339,1851.1089722172592
2251,2025-03-16,14.235027996350697,LOSS,-14.235027996350697,1836.8739442209085
2252,2025-03-16,14.125560631058761,LOSS,-14.125560631058761,1822.7483835898497
2259,2025-03-16,14.01693506980592,LOSS,-14.01693506980592,1808.7314485200438
2266,2025-03-16,10.0,WIN,8.695652173913043,1817.4271006939568
2277,2025-03-16,10.0,WIN,9.09090909090909,1826.5180097848659
2282,2025-03-16,60.823049725836064,LOSS,-60.823049725836064,1765.6949600590299
2283,2025-03-16,10.0,WIN,9.09090909090909,1774.785869149939
2287,2025-03-16,15.745900231098307,LOSS,-15.745900231098307,1759.0399689188405
2291,2025-03-17,10.0,WIN,9.09090909090909,1768.1308780097495
2295,2025-03-17,10.0,LOSS,-10.0,1758.1308780097495
2296,2025-03-17,10.0,LOSS,-10.0,1748.1308780097495
2297,2025-03-17,10.0,WIN,8.695652173913043,1756.8265301836625
2300,2025-03-17,17.663133934466533,WIN,17.14867372278304,1773.9752039064456
2302,2025-03-17,66.06283659347605,WIN,82.57854574184506,1856.5537496482907
2304,2025-03-17,10.0,WIN,9.09090909090909,1865.6446587391997
2312,2025-03-18,18.757191398963904,WIN,18.210865435887285,1883.8555241750869
2315,2025-03-18,54.66457290584576,LOSS,-54.66457290584576,1829.1909512692412
2317,2025-03-18,20.552789528461187,LOSS,-20.552789528461187,1808.6381617407799
2318,2025-03-18,24.597478999674607,LOSS,-24.597478999674607,1784.0406827411052
2320,2025-03-18,13.719272850279074,WIN,13.065974143122927,1797.1066568842282
2321,2025-03-18,59.84365167424483,LOSS,-59.84365167424483,1737.2630052099832
2322,2025-03-18,42.294457526839444,WIN,46.523903279523395,1783.7869084895067
2325,2025-03-18,13.717321326284281,LOSS,-13.717321326284281,1770.0695871632224
2326,2025-03-18,32.11995504706186,WIN,33.40475324894433,1803.4743404121668
2327,2025-03-18,10.0,LOSS,-10.0,1793.4743404121668
2329,2025-03-18,10.0,LOSS,-10.0,1783.4743404121668
2330,2025-03-18,10.0,WIN,8.333333333333336,1791.8076737455
2335,2025-03-19,59.667195535725185,WIN,71.60063464287022,1863.4083083883704
2337,2025-03-19,45.36552227149146,WIN,49.90207449864061,1913.310382887011
2339,2025-03-19,10.19029109925626,LOSS,-10.19029109925626,1903.1200917877547
2340,2025-03-19,25.882433248313465,WIN,25.882433248313465,1929.0025250360682
2341,2025-03-19,10.0,WIN,9.09090909090909,1938.0934341269772
2342,2025-03-19,10.0,WIN,9.09090909090909,1947.1843432178862
2344,2025-03-19,14.973847599345516,WIN,14.260807237471921,1961.445150455358
2345,2025-03-19,10.0,LOSS,-10.0,1951.445150455358
2348,2025-03-19,10.0,LOSS,-10.0,1941.445150455358
2357,2025-03-19,21.814077710516397,LOSS,-21.814077710516397,1919.6310727448417
2358,2025-03-19,21.568974733361035,LOSS,-21.568974733361035,1898.0620980114807
2366,2025-03-19,14.59609753370826,WIN,13.901045270198344,1911.963143281679
2369,2025-03-19,10.0,WIN,6.666666666666665,1918.6298099483458
2370,2025-03-19,30.540072151295433,WIN,31.150873594321343,1949.7806835426672
2371,2025-03-19,10.0,WIN,7.692307692307693,1957.4729912349749
2372,2025-03-19,47.65556973206606,WIN,52.42112670527267,2009.8941179402475
2376,2025-03-19,10.0,LOSS,-10.0,1999.8941179402475
2377,2025-03-19,38.45510689639388,WIN,40.37786224121358,2040.271980181461
2380,2025-03-19,10.0,LOSS,-10.0,2030.271980181461
2381,2025-03-19,10.0,LOSS,-10.0,2020.271980181461
2383,2025-03-19,10.0,LOSS,-10.0,2010.271980181461
2385,2025-03-19,38.65465836177493,LOSS,-38.65465836177493,1971.6173218196861
2387,2025-03-20,15.161737204793358,WIN,14.439749718850818,1986.057071538537
2394,2025-03-20,15.272778880131321,LOSS,-15.272778880131321,1970.7842926584058
2401,2025-03-20,17.48479824446543,WIN,16.812306004293685,1987.5965986626995
2402,2025-03-20,19.983296202954772,LOSS,-19.983296202954772,1967.6133024597448
2406,2025-03-20,15.13094629591541,WIN,14.410425043728962,1982.0237275034738
2411,2025-03-20,17.584514510410873,WIN,16.908187029241226,1998.931914532715
2413,2025-03-20,27.185474037644926,LOSS,-27.185474037644926,1971.74644049507
2414,2025-03-20,15.16273012740706,LOSS,-15.16273012740706,1956.583710367663
2419,2025-03-21,10.0,LOSS,-10.0,1946.583710367663
2420,2025-03-21,14.9692287327273,WIN,14.256408316883144,1960.840118684546
2432,2025-03-22,19.714286553254418,LOSS,-19.714286553254418,1941.1258321312916
2435,2025-03-22,26.399311316985568,WIN,26.399311316985568,1967.5251434482773
2436,2025-03-22,10.0,LOSS,-10.0,1957.5251434482773
2438,2025-03-22,10.0,LOSS,-10.0,1947.5251434482773
2440,2025-03-22,12.674493633561402,WIN,11.957069465623965,1959.4822129139013
2444,2025-03-22,26.64895809562906,LOSS,-26.64895809562906,1932.8332548182723
2445,2025-03-22,10.0,WIN,9.09090909090909,1941.9241639091813
2446,2025-03-22,14.933396820461576,WIN,14.222282686153882,1956.1464465953352
2448,2025-03-22,10.0,LOSS,-10.0,1946.1464465953352
2450,2025-03-22,10.0,LOSS,-10.0,1936.1464465953352
2452,2025-03-22,14.888966174318101,LOSS,-14.888966174318101,1921.2574804210171
2460,2025-03-22,26.129101733725836,LOSS,-26.129101733725836,1895.1283786872914
2471,2025-03-23,10.0,WIN,8.849557522123895,1903.9779362094152
2472,2025-03-23,14.641590329450377,WIN,13.944371742333693,1917.922307951749
2476,2025-03-23,14.748822548148922,LOSS,-14.748822548148922,1903.1734854036001
2477,2025-03-23,21.384057281994842,LOSS,-21.384057281994842,1881.7894281216054
2484,2025-03-23,10.0,LOSS,-10.0,1871.7894281216054
2487,2025-03-23,10.0,WIN,8.695652173913043,1880.4850802955184
2490,2025-03-23,25.57459709201905,LOSS,-25.57459709201905,1854.9104832034993
2491,2025-03-23,10.0,WIN,8.333333333333336,1863.2438165368326
2492,2025-03-23,25.340115904900927,WIN,25.340115904900927,1888.5839324417334
2503,2025-03-23,10.0,WIN,6.0606060606060606,1894.6445385023394
2504,2025-03-23,10.0,WIN,8.695652173913043,1903.3401906762524
2506,2025-03-23,14.636686066300355,LOSS,-14.636686066300355,1888.703504609952
2508,2025-03-23,36.31707024578563,LOSS,-36.31707024578563,1852.3864343641665
2509,2025-03-23,14.244851680260414,LOSS,-14.244851680260414,1838.141582683906
2514,2025-03-23,10.0,WIN,9.25925925925926,1847.4008419431655
2515,2025-03-23,10.0,LOSS,-10.0,1837.4008419431655
2519,2025-03-23,10.0,WIN,8.695652173913043,1846.0964941170785
2521,2025-03-23,41.27051273515068,WIN,44.57215375396274,1890.6686478710412
2525,2025-03-23,14.53924190212828,WIN,13.846897049645982,1904.5155449206873
2528,2025-03-23,10.0,WIN,8.620689655172413,1913.1362345758596
2532,2025-03-23,10.0,LOSS,-10.0,1903.1362345758596
2539,2025-03-23,19.134131702425684,LOSS,-19.134131702425684,1884.0021028734338
2543,2025-03-23,16.714866656693157,WIN,16.071987169897266,1900.0740900433311
2544,2025-03-23,10.0,LOSS,-10.0,1890.0740900433311
2545,2025-03-23,10.0,LOSS,-10.0,1880.0740900433311
2547,2025-03-23,10.0,LOSS,-10.0,1870.0740900433311
2555,2025-03-23,10.0,WIN,8.695652173913043,1878.7697422172441
2556,2025-03-23,21.10985682355295,LOSS,-21.10985682355295,1857.6598853936912
2557,2025-03-23,16.48115850321288,LOSS,-16.48115850321288,1841.1787268904784
2560,2025-03-23,10.0,LOSS,-10.0,1831.1787268904784
2561,2025-03-23,24.90403068571051,WIN,24.90403068571051,1856.082757576189
2564,2025-03-23,10.0,LOSS,-10.0,1846.082757576189
2578,2025-03-24,10.0,WIN,8.0,1854.082757576189
2579,2025-03-24,12.06637058630585,WIN,11.383368477647029,1865.466126053836
2580,2025-03-24,10.0,LOSS,-10.0,1855.466126053836
2581,2025-03-24,14.268534509353973,WIN,13.589080485099023,1869.055206538935
2585,2025-03-24,25.419150808929516,WIN,25.419150808929516,1894.4743573478645
2591,2025-03-24,25.76485125993096,LOSS,-25.76485125993096,1868.7095060879335
2593,2025-03-24,45.49458233912264,LOSS,-45.49458233912264,1823.2149237488109
2594,2025-03-24,24.79572296298383,WIN,24.79572296298383,1848.0106467117946
2596,2025-03-24,10.0,LOSS,-10.0,1838.0106467117946
2607,2025-03-24,10.0,WIN,9.00900900900901,1847.0196557208037
2608,2025-03-24,10.0,LOSS,-10.0,1837.0196557208037
2614,2025-03-24,20.640752851678943,WIN,20.236032207528375,1857.255687928332
2615,2025-03-24,14.282296240168847,WIN,13.602186895398903,1870.857874823731
2619,2025-03-24,16.59825106543619,WIN,15.959856793688646,1886.8177316174197
2627,2025-03-25,10.0,LOSS,-10.0,1876.8177316174197
2631,2025-03-25,25.52472114999691,WIN,25.52472114999691,1902.3424527674165
2638,2025-03-25,10.0,WIN,8.695652173913043,1911.0381049413295
2640,2025-03-25,16.954730067039527,LOSS,-16.954730067039527,1894.08337487429
2643,2025-03-25,12.326694603681892,LOSS,-12.326694603681892,1881.756680270608
2645,2025-03-25,36.18349273777481,WIN,37.992667374663554,1919.7493476452717
2647,2025-03-25,17.032016212308903,WIN,16.37693866568164,1936.1262863109532
2650,2025-03-25,10.0,WIN,8.771929824561402,1944.8982161355145
2651,2025-03-25,10.0,WIN,9.00900900900901,1953.9072251445236
2654,2025-03-25,15.02554656136136,LOSS,-15.02554656136136,1938.8816785831623
2663,2025-03-25,14.91000010830449,WIN,14.200000103147135,1953.0816786863095
2668,2025-03-25,26.56191083013381,LOSS,-26.56191083013381,1926.5197678561756
2670,2025-03-25,10.0,LOSS,-10.0,1916.5197678561756
2671,2025-03-25,14.738037014813964,WIN,14.036225728394252,1930.55599358457
2678,2025-03-26,10.0,LOSS,-10.0,1920.55599358457
2680,2025-03-26,10.0,LOSS,-10.0,1910.55599358457
2684,2025-03-26,36.73726239092614,WIN,38.57412551047245,1949.1301190950423
2687,2025-03-26,10.0,LOSS,-10.0,1939.1301190950423
2690,2025-03-26,14.91191061584085,WIN,14.201819634134143,1953.3319387291765
2691,2025-03-26,15.02112260882734,WIN,14.30583105602604,1967.6377697852026
2693,2025-03-26,10.0,WIN,8.333333333333336,1975.971103118536
2694,2025-03-26,10.0,LOSS,-10.0,1965.971103118536
2707,2025-03-26,73.21276388013429,WIN,91.51595485016786,2057.4870579687035
2710,2025-03-26,27.98182398837437,WIN,27.98182398837437,2085.468881957078
2713,2025-03-26,16.0372557022499,LOSS,-16.0372557022499,2069.431626254828
2714,2025-03-26,10.0,LOSS,-10.0,2059.431626254828
2715,2025-03-26,15.837029205899599,WIN,15.08288495799962,2074.514511212828
2723,2025-03-26,10.0,LOSS,-10.0,2064.514511212828
2728,2025-03-27,10.0,LOSS,-10.0,2054.514511212828
2729,2025-03-27,10.0,LOSS,-10.0,2044.514511212828
2730,2025-03-27,15.722316591226619,LOSS,-15.722316591226619,2028.7921946216013
2732,2025-03-27,10.0,WIN,8.771929824561402,2037.5641244461626
2741,2025-03-27,10.852066526800305,WIN,10.142118249346078,2047.7062426955088
2742,2025-03-27,27.848804900658923,LOSS,-27.848804900658923,2019.8574377948498
2744,2025-03-27,15.532703696642367,WIN,14.793051139659397,2034.6504889345092
2745,2025-03-27,15.646462259906347,LOSS,-15.646462259906347,2019.0040266746028
2746,2025-03-27,58.58622988707084,LOSS,-58.58622988707084,1960.4177967875319
2753,2025-03-27,10.0,LOSS,-10.0,1950.4177967875319
2758,2025-03-27,10.0,LOSS,-10.0,1940.4177967875319
2761,2025-03-27,10.0,LOSS,-10.0,1930.4177967875319
2766,2025-03-27,17.126666693099036,LOSS,-17.126666693099036,1913.291130094433
2768,2025-03-27,16.97471890619786,LOSS,-16.97471890619786,1896.316411188235
2773,2025-03-27,10.0,LOSS,-10.0,1886.316411188235
2775,2025-03-27,25.653903192159998,WIN,25.653903192159998,1911.970314380395
2776,2025-03-27,46.54778638100638,LOSS,-46.54778638100638,1865.4225279993886
2781,2025-03-27,41.70255695927521,WIN,45.03876151601723,1910.461289515406
2785,2025-03-27,12.433282072166275,LOSS,-12.433282072166275,1898.0280074432396
2786,2025-03-27,14.595835377238487,LOSS,-14.595835377238487,1883.4321720660012
2787,2025-03-28,25.614677540097617,LOSS,-25.614677540097617,1857.8174945259036
2790,2025-03-28,25.26631792555229,LOSS,-25.26631792555229,1832.5511766003513
2791,2025-03-28,18.424469529539923,WIN,17.887834494698954,1850.4390110950503
2793,2025-03-28,18.604313817549627,WIN,18.062440599562745,1868.501451694613
2795,2025-03-28,35.92861362829925,WIN,37.725044309714214,1906.2264960043271
2801,2025-03-28,34.59067926210929,LOSS,-34.59067926210929,1871.635816742218
2807,2025-03-28,12.180605895358367,LOSS,-12.180605895358367,1859.4552108468595
2810,2025-03-28,10.0,WIN,9.09090909090909,1868.5461199377685
2813,2025-03-28,14.369119662321413,LOSS,-14.369119662321413,1854.177000275447
2815,2025-03-28,12.066983917792621,WIN,11.38394709225719,1865.560947367704
2829,2025-03-29,18.756349764834887,LOSS,-18.756349764834887,1846.8045976028693
2835,2025-03-29,10.0,LOSS,-10.0,1836.8045976028693
2837,2025-03-29,53.299277758267586,LOSS,-53.299277758267586,1783.5053198446017
2843,2025-03-29,13.715155909604961,LOSS,-13.715155909604961,1769.7901639349966
2844,2025-03-29,10.0,WIN,9.25925925925926,1779.049423194256
2845,2025-03-29,10.0,LOSS,-10.0,1769.049423194256
2857,2025-03-29,13.603990064363803,WIN,12.956181013679814,1782.0056042079357
2858,2025-03-29,13.703623096359001,LOSS,-13.703623096359001,1768.3019811115767
2859,2025-03-29,10.0,WIN,8.695652173913043,1776.9976332854897
2861,2025-03-29,10.0,WIN,9.09090909090909,1786.0885423763987
2864,2025-03-29,13.73502089087448,LOSS,-13.73502089087448,1772.3535214855242
2882,2025-03-30,13.629398580223656,WIN,12.980379600213006,1785.3339010857371
2885,2025-03-30,10.0,WIN,9.174311926605505,1794.5082130123426
2887,2025-03-30,10.0,WIN,8.771929824561402,1803.280142836904
2890,2025-03-30,10.0,WIN,9.09090909090909,1812.371051927813
2891,2025-03-30,24.648246306218258,LOSS,-24.648246306218258,1787.7228056215947
2892,2025-03-30,13.747588375230038,WIN,13.092941309742894,1800.8157469313376
2898,2025-03-30,10.0,WIN,9.25925925925926,1810.075006190597
2902,2025-03-30,10.0,LOSS,-10.0,1800.075006190597
2906,2025-03-30,10.0,WIN,9.09090909090909,1809.165915281506
2908,2025-03-30,16.05092000037757,LOSS,-16.05092000037757,1793.1149952811284
2909,2025-03-30,10.0,WIN,8.928571428571429,1802.0435667096997
2918,2025-03-30,90.102178335485,WIN,135.15326750322748,1937.1968342129271
2919,2025-03-30,26.34587694529581,WIN,26.34587694529581,1963.542711158223
2921,2025-03-30,15.099643448806708,WIN,14.380612808387342,1977.9233239666103
2926,2025-03-30,10.0,LOSS,-10.0,1967.9233239666103
2927,2025-03-30,15.133330361303205,WIN,14.41269558219353,1982.3360195488037
2939,2025-03-30,48.26087145774274,LOSS,-48.26087145774274,1934.075148091061
2942,2025-03-30,10.0,WIN,9.09090909090909,1943.16605718197
2945,2025-03-30,10.0,WIN,8.695652173913043,1951.861709355883
2947,2025-03-30,10.0,WIN,7.692307692307693,1959.5540170481906
2953,2025-03-30,15.068970391100558,LOSS,-15.068970391100558,1944.4850466570902
2956,2025-03-31,10.0,LOSS,-10.0,1934.4850466570902
2960,2025-03-31,10.0,WIN,9.09090909090909,1943.5759557479992
2962,2025-03-31,10.0,LOSS,-10.0,1933.5759557479992
2967,2025-03-31,37.17990337766865,LOSS,-37.17990337766865,1896.3960523703306
2971,2025-03-31,10.0,LOSS,-10.0,1886.3960523703306
2976,2025-03-31,25.6549863122365,LOSS,-25.6549863122365,1860.741066058094
2980,2025-03-31,10.0,WIN,9.09090909090909,1869.831975149003
2981,2025-03-31,10.0,WIN,8.849557522123895,1878.681532671127
2982,2025-03-31,10.0,LOSS,-10.0,1868.681532671127
2984,2025-03-31,12.161379414623706,WIN,11.472999447758214,1880.154532118885
2985,2025-03-31,21.125416322887784,WIN,20.711192473419395,1900.8657245923046
2986,2025-03-31,10.0,LOSS,-10.0,1890.8657245923046
2988,2025-03-31,10.070750849178653,LOSS,-10.070750849178653,1880.7949737431259
2992,2025-03-31,14.463313348084611,WIN,13.774584141032964,1894.569557884159
2993,2025-03-31,10.0,LOSS,-10.0,1884.569557884159
2996,2025-03-31,10.0,WIN,9.174311926605505,1893.7438698107644
2997,2025-03-31,10.0,WIN,9.09090909090909,1902.8347789016734
3002,2025-03-31,25.878552993062762,WIN,25.878552993062762,1928.7133318947363
3004,2025-03-31,10.0,WIN,8.47457627118644,1937.1879081659226
3013,2025-03-31,26.34575555105655,LOSS,-26.34575555105655,1910.842152614866
3015,2025-03-31,14.694376153608294,WIN,13.994643955817423,1924.8367965706834
3017,2025-03-31,37.011861831201976,WIN,38.862454922762076,1963.6992514934454
3021,2025-04-01,10.0,WIN,9.09090909090909,1972.7901605843545
3022,2025-04-01,26.82994618394722,LOSS,-26.82994618394722,1945.9602144004073
3023,2025-04-01,37.418034979756385,WIN,39.288936728744204,1985.2491511291514
3024,2025-04-01,10.0,LOSS,-10.0,1975.2491511291514
3030,2025-04-01,22.19389946208714,LOSS,-22.19389946208714,1953.0552516670643
3031,2025-04-01,12.710483577849269,WIN,11.991022243254028,1965.0462739103184
3034,2025-04-01,10.0,LOSS,-10.0,1955.0462739103184
3036,2025-04-01,10.0,WIN,9.174311926605505,1964.2205858369239
3040,2025-04-01,10.0,LOSS,-10.0,1954.2205858369239
3041,2025-04-01,10.0,WIN,9.174311926605505,1963.3948977635293
3042,2025-04-01,15.098506763801513,WIN,14.379530251239537,1977.7744280147688
3043,2025-04-01,10.0,LOSS,-10.0,1967.7744280147688
3047,2025-04-01,37.83749114439825,LOSS,-37.83749114439825,1929.9369368703706
3048,2025-04-01,50.688415120516844,LOSS,-50.688415120516844,1879.2485217498538
3049,2025-04-01,14.45142113225635,WIN,13.763258221196525,1893.0117799710504
3051,2025-04-01,14.557260587977352,WIN,13.864057702835574,1906.875837673886
3052,2025-04-01,25.933511392364853,LOSS,-25.933511392364853,1880.9423262815212
3055,2025-04-01,36.16783387392751,LOSS,-36.16783387392751,1844.7744924075937
3056,2025-04-01,10.0,WIN,9.09090909090909,1853.8654014985027
3057,2025-04-01,10.0,LOSS,-10.0,1843.8654014985027
3064,2025-04-02,10.0,LOSS,-10.0,1833.8654014985027
3067,2025-04-02,10.0,WIN,9.09090909090909,1842.9563105894117
3069,2025-04-02,20.707457105782623,WIN,20.301428535081,1863.2577391244927
3073,2025-04-02,35.827784526593796,LOSS,-35.827784526593796,1827.4299545978988
3077,2025-04-02,14.052936350857816,LOSS,-14.052936350857816,1813.377018247041
3096,2025-04-02,13.94486927031972,WIN,13.280827876494971,1826.6578461235358
3098,2025-04-02,18.36521798492602,WIN,17.830308723229145,1844.488154846765
3100,2025-04-02,10.0,WIN,9.25925925925926,1853.7474141060243
3103,2025-04-02,14.2553176144753,LOSS,-14.2553176144753,1839.492096491549
3104,2025-04-02,18.494253538126024,WIN,17.955585959345655,1857.4476824508947
3106,2025-04-02,10.0,LOSS,-10.0,1847.4476824508947
3113,2025-04-02,25.12528848133217,LOSS,-25.12528848133217,1822.3223939695627
3117,2025-04-02,14.013659209625912,WIN,13.34634210440563,1835.6687360739684
3121,2025-04-02,16.286053026448297,WIN,15.659666371584901,1851.3284024455534
3126,2025-04-02,16.424985586497,WIN,15.793255371631732,1867.121657817185
3135,2025-04-03,10.0,WIN,9.00900900900901,1876.130666826194
3136,2025-04-03,25.51537706883624,LOSS,-25.51537706883624,1850.615289757358
3137,2025-04-03,10.0,LOSS,-10.0,1840.615289757358
3141,2025-04-03,10.0,WIN,9.09090909090909,1849.706198848267
3142,2025-04-03,14.224240669143146,LOSS,-14.224240669143146,1835.4819581791237
3145,2025-04-03,10.0,LOSS,-10.0,1825.4819581791237
3150,2025-04-03,24.826554631236085,LOSS,-24.826554631236085,1800.6554035478875
3152,2025-04-03,24.48891348825127,WIN,24.48891348825127,1825.1443170361388
3155,2025-04-03,10.0,LOSS,-10.0,1815.1443170361388
3175,2025-04-03,10.0,WIN,7.142857142857143,1822.2871741789959
3179,2025-04-03,14.013388369436452,WIN,13.34608416136805,1835.633258340364
3181,2025-04-03,14.116019756637373,WIN,13.443828339654642,1849.0770866800185
3184,2025-04-03,14.219402796569316,LOSS,-14.219402796569316,1834.8576838834492
3186,2025-04-03,10.0,LOSS,-10.0,1824.8576838834492
3188,2025-04-03,10.0,WIN,9.25925925925926,1834.1169431427086
3192,2025-04-03,14.104359292767404,WIN,13.432723135968956,1847.5496662786775
3194,2025-04-03,14.207656933683003,WIN,13.531101841602862,1861.0807681202803
3203,2025-04-04,10.0,LOSS,-10.0,1851.0807681202803
3204,2025-04-04,35.59363876985565,WIN,37.37332070834844,1888.4540888286288
3205,2025-04-04,14.52221194309213,LOSS,-14.52221194309213,1873.9318768855367
3207,2025-04-04,10.0,LOSS,-10.0,1863.9318768855367
3208,2025-04-04,10.0,LOSS,-10.0,1853.9318768855367
3212,2025-04-04,10.0,LOSS,-10.0,1843.9318768855367
3215,2025-04-04,35.4561758041133,WIN,37.228984594318966,1881.1608614798556
3218,2025-04-04,10.0,WIN,8.695652173913043,1889.8565136537686
3227,2025-04-04,54.83870596576194,WIN,63.064511860626226,1952.9210255143948
3231,2025-04-04,10.0,LOSS,-10.0,1942.9210255143948
3235,2025-04-04,10.0,LOSS,-10.0,1932.9210255143948
3236,2025-04-04,14.864162686205669,LOSS,-14.864162686205669,1918.0568628281892
3241,2025-04-04,10.0,WIN,7.692307692307693,1925.7491705204968
3245,2025-04-04,10.0,WIN,8.0,1933.7491705204968
3248,2025-04-04,50.78854071431337,WIN,56.88316560003098,1990.6323361205277
3249,2025-04-04,10.0,WIN,9.09090909090909,1999.7232452114367
3251,2025-04-05,10.0,WIN,8.547008547008547,2008.2702537584453
3252,2025-04-05,27.312475451114857,WIN,27.312475451114857,2035.58272920956
3255,2025-04-05,10.0,LOSS,-10.0,2025.58272920956
3257,2025-04-05,10.0,WIN,8.695652173913043,2034.278381383473
3259,2025-04-05,22.857151893224696,LOSS,-22.857151893224696,2011.4212294902484
3262,2025-04-05,10.0,WIN,9.09090909090909,2020.5121385811574
3280,2025-04-05,17.925983693492086,LOSS,-17.925983693492086,2002.5861548876653
3281,2025-04-05,10.0,LOSS,-10.0,1992.5861548876653
3282,2025-04-05,15.322987531086119,LOSS,-15.322987531086119,1977.2631673565793
3291,2025-04-06,10.0,LOSS,-10.0,1967.2631673565793
3296,2025-04-06,26.75477907604948,LOSS,-26.75477907604948,1940.5083882805297
3297,2025-04-06,14.922509505877246,LOSS,-14.922509505877246,1925.5858787746524
3305,2025-04-06,10.0,LOSS,-10.0,1915.5858787746524
3306,2025-04-06,10.0,WIN,8.0,1923.5858787746524
3308,2025-04-06,10.0,LOSS,-10.0,1913.5858787746524
3309,2025-04-06,26.024767951335274,LOSS,-26.024767951335274,1887.5611108233172
3316,2025-04-06,14.515344942231282,WIN,13.82413804022027,1901.3852488635375
3318,2025-04-06,10.0,WIN,9.174311926605505,1910.559560790143
3319,2025-04-06,78.09779620029857,LOSS,-78.09779620029857,1832.4617645898445
3322,2025-04-06,10.0,LOSS,-10.0,1822.4617645898445
3327,2025-04-06,14.01473096969588,LOSS,-14.01473096969588,1808.4470336201487
3328,2025-04-06,10.0,LOSS,-10.0,1798.4470336201487
3331,2025-04-06,13.830057688538918,WIN,13.17148351289421,1811.6185171330428
3332,2025-04-06,13.931346396753074,WIN,13.267948949288643,1824.8864660823315
3333,2025-04-06,11.876361121263825,WIN,11.20411426534323,1836.0905803476746
3334,2025-04-06,24.970831892728377,LOSS,-24.970831892728377,1811.1197484549461
3335,2025-04-06,10.0,WIN,8.695652173913043,1819.8154006288592
3336,2025-04-06,10.0,LOSS,-10.0,1809.8154006288592
3338,2025-04-06,60.26685284094104,LOSS,-60.26685284094104,1749.548547787918
3343,2025-04-06,50.76733481711548,WIN,58.382435039682804,1807.930982827601
3347,2025-04-06,24.587861366455375,WIN,24.587861366455375,1832.5188441940563
3350,2025-04-06,18.424144459527035,LOSS,-18.424144459527035,1814.0946997345293
3353,2025-04-06,13.950388240958505,WIN,13.2860840390081,1827.3807837735374
3354,2025-04-06,10.0,LOSS,-10.0,1817.3807837735374
3356,2025-04-06,13.975658227218476,WIN,13.310150692589026,1830.6909344661265
3359,2025-04-06,10.0,WIN,9.09090909090909,1839.7818435570355
3360,2025-04-06,10.0,LOSS,-10.0,1829.7818435570355
3362,2025-04-06,11.9082202378692,WIN,11.234170035725661,1841.016013592761
3365,2025-04-06,10.0,LOSS,-10.0,1831.016013592761
3367,2025-04-06,10.0,WIN,8.849557522123895,1839.865571114885
3373,2025-04-06,16.32328734693131,LOSS,-16.32328734693131,1823.5422837679537
3379,2025-04-06,24.80017505924417,LOSS,-24.80017505924417,1798.7421087087096
3381,2025-04-06,13.832326815969951,LOSS,-13.832326815969951,1784.9097818927396
3382,2025-04-06,10.0,WIN,9.00900900900901,1793.9187909017487
3386,2025-04-06,20.15647153457204,WIN,19.76124660252161,1813.6800375042703
3387,2025-04-06,10.0,WIN,9.09090909090909,1822.7709465951793
3388,2025-04-06,44.37618722710813,LOSS,-44.37618722710813,1778.3947593680712
3389,2025-04-06,43.29582877806999,WIN,47.625411655876995,1826.0201710239483
3393,2025-04-06,10.0,WIN,8.0,1834.0201710239483
3395,2025-04-06,10.0,WIN,9.09090909090909,1843.1110801148573
3398,2025-04-06,35.440393054779946,LOSS,-35.440393054779946,1807.6706870600774
3400,2025-04-06,16.037654335597058,WIN,15.420821476535632,1823.091508536613
3401,2025-04-06,10.0,LOSS,-10.0,1813.091508536613
3406,2025-04-06,10.0,WIN,8.695652173913043,1821.787160710526
3407,2025-04-07,52.86351091557411,WIN,60.79303755291022,1882.5801982634362
3409,2025-04-07,10.0,WIN,8.333333333333336,1890.9135315967694
3418,2025-04-07,46.035149432874114,WIN,50.63866437616153,1941.552195972931
3419,2025-04-07,10.0,LOSS,-10.0,1931.552195972931
3421,2025-04-07,14.853636387031813,LOSS,-14.853636387031813,1916.6985595858991
3423,2025-04-07,10.0,LOSS,-10.0,1906.6985595858991
3429,2025-04-07,16.91622962064615,WIN,16.26560540446745,1922.9641649903665
3430,2025-04-08,46.81543667131096,LOSS,-46.81543667131096,1876.1487283190556
3432,2025-04-08,10.0,LOSS,-10.0,1866.1487283190556
3449,2025-04-08,25.37962270513916,LOSS,-25.37962270513916,1840.7691056139165
3451,2025-04-08,10.0,WIN,8.849557522123895,1849.6186631360404
3456,2025-04-08,14.223567519516124,LOSS,-14.223567519516124,1835.3950956165243
3457,2025-04-08,10.0,LOSS,-10.0,1825.3950956165243
3461,2025-04-08,20.51013929434726,WIN,20.107979700340447,1845.5030753168646
3465,2025-04-08,20.736072554260282,LOSS,-20.736072554260282,1824.7670027626043
3467,2025-04-08,24.81683123757142,LOSS,-24.81683123757142,1799.9501715250328
3469,2025-04-08,10.0,WIN,8.695652173913043,1808.6458236989458
3476,2025-04-08,13.908486384244869,WIN,13.246177508804637,1821.8920012077506
3477,2025-04-08,10.0,LOSS,-10.0,1811.8920012077506
3479,2025-04-08,34.84009476608044,LOSS,-34.84009476608044,1777.05190644167
3480,2025-04-08,34.17016951529266,LOSS,-34.17016951529266,1742.8817369263775
3482,2025-04-08,10.0,WIN,8.695652173913043,1751.5773891002905
3483,2025-04-08,42.642947709187105,LOSS,-42.642947709187105,1708.9344413911033
3484,2025-04-08,13.14170585429756,WIN,12.515910337426249,1721.4503517285295
3486,2025-04-08,10.0,LOSS,-10.0,1711.4503517285295
3505,2025-04-08,11.138118889049283,LOSS,-11.138118889049283,1700.3122328394802
3508,2025-04-08,23.124246366616934,WIN,23.124246366616934,1723.4364792060971
3510,2025-04-08,13.253226525094863,WIN,12.622120500090347,1736.0585997061876
3511,2025-04-08,15.402311896593345,LOSS,-15.402311896593345,1720.6562878095942
3512,2025-04-08,10.0,LOSS,-10.0,1710.6562878095942
3513,2025-04-08,10.0,LOSS,-10.0,1700.6562878095942
3516,2025-04-08,10.0,LOSS,-10.0,1690.6562878095942
3517,2025-04-08,10.0,WIN,9.09090909090909,1699.7471969005032
3519,2025-04-08,17.08925831763765,LOSS,-17.08925831763765,1682.6579385828657
3520,2025-04-09,12.939639547702214,LOSS,-12.939639547702214,1669.7182990351635
3522,2025-04-09,18.76095480795909,LOSS,-18.76095480795909,1650.9573442272044
3523,2025-04-09,16.598725138860306,WIN,16.115267125107092,1667.0726113523115
3524,2025-04-09,22.67218751439144,WIN,22.67218751439144,1689.744798866703
3525,2025-04-09,10.0,LOSS,-10.0,1679.744798866703
3533,2025-04-09,12.917237503284921,LOSS,-12.917237503284921,1666.827561363418
3535,2025-04-09,10.0,WIN,8.695652173913043,1675.523213537331
3536,2025-04-09,10.0,WIN,9.00900900900901,1684.53222254634
3537,2025-04-09,10.0,LOSS,-10.0,1674.53222254634
3540,2025-04-09,12.877152791381333,WIN,12.263955039410794,1686.796177585751
3541,2025-04-09,14.965255687540829,LOSS,-14.965255687540829,1671.8309218982101
3543,2025-04-09,40.701483716758275,LOSS,-40.701483716758275,1631.1294381814519
3546,2025-04-09,10.0,WIN,8.333333333333336,1639.4627715147851
3547,2025-04-09,14.545313708879219,LOSS,-14.545313708879219,1624.917457805906
3549,2025-04-09,16.336920120780572,WIN,15.861087495903469,1640.7785453018096
3550,2025-04-09,29.773819910515144,WIN,30.96477270693575,1671.7433180087453
3555,2025-04-09,32.145235800568145,WIN,33.752497590596555,1705.4958155993418
3559,2025-04-09,10.0,WIN,9.09090909090909,1714.5867246902508
3560,2025-04-09,10.0,WIN,7.692307692307693,1722.2790323825584
3561,2025-04-09,57.35189177833922,LOSS,-57.35189177833922,1664.9271406042192
3564,2025-04-09,12.803289711246421,LOSS,-12.803289711246421,1652.1238508929728
3572,2025-04-10,10.0,LOSS,-10.0,1642.1238508929728
3573,2025-04-10,10.0,WIN,8.547008547008547,1650.6708594399813
3575,2025-04-10,12.693658909093433,LOSS,-12.693658909093433,1637.9772005308878
3579,2025-04-10,10.0,LOSS,-10.0,1627.9772005308878
3581,2025-04-10,10.0,LOSS,-10.0,1617.9772005308878
3592,2025-04-10,10.0,LOSS,-10.0,1607.9772005308878
3593,2025-04-10,16.166602774137537,LOSS,-16.166602774137537,1591.8105977567502
3598,2025-04-10,12.241023496749387,LOSS,-12.241023496749387,1579.5695742600008
3604,2025-04-10,10.0,WIN,9.09090909090909,1588.6604833509098
3607,2025-04-11,12.216799116968474,LOSS,-12.216799116968474,1576.4436842339412
3608,2025-04-11,10.0,LOSS,-10.0,1566.4436842339412
3610,2025-04-11,10.0,WIN,8.695652173913043,1575.1393364078542
3612,2025-04-11,64.38684948977948,LOSS,-64.38684948977948,1510.7524869180747
3613,2025-04-11,43.838096076918376,LOSS,-43.838096076918376,1466.9143908411563
3614,2025-04-11,42.56602888901684,WIN,48.950933222369365,1515.8653240635256
3615,2025-04-11,20.61576840726395,LOSS,-20.61576840726395,1495.2495556562617
3616,2025-04-11,11.498469082996632,LOSS,-11.498469082996632,1483.751086573265
3617,2025-04-11,13.163839640078047,LOSS,-13.163839640078047,1470.5872469331869
3618,2025-04-11,10.0,WIN,8.333333333333336,1478.9205802665201
3619,2025-04-11,10.0,WIN,7.692307692307693,1486.6128879588277
3622,2025-04-11,10.0,LOSS,-10.0,1476.6128879588277
3626,2025-04-11,60.3593914354862,LOSS,-60.3593914354862,1416.2534965233415
3627,2025-04-11,19.261047552717447,WIN,19.261047552717447,1435.5145440760589
3628,2025-04-11,41.65488724853745,WIN,47.90312033581806,1483.417664411877
3629,2025-04-11,20.17448023600153,LOSS,-20.17448023600153,1463.2431841758755
3631,2025-04-11,10.0,LOSS,-10.0,1453.2431841758755
3632,2025-04-11,10.0,WIN,7.407407407407408,1460.650591583283
3634,2025-04-11,11.232403049275424,WIN,10.697526713595643,1471.3481182968785
3636,2025-04-11,10.0,WIN,8.849557522123895,1480.1976758190024
3637,2025-04-11,26.859894748130973,WIN,27.934290538056214,1508.1319663570587
3639,2025-04-11,10.0,WIN,8.849557522123895,1516.9815238791825
3642,2025-04-11,10.0,WIN,8.695652173913043,1525.6771760530955
3643,2025-04-11,10.0,WIN,9.09090909090909,1534.7680851440045
3645,2025-04-11,11.802366574757373,LOSS,-11.802366574757373,1522.9657185692472
3647,2025-04-11,10.0,LOSS,-10.0,1512.9657185692472
3651,2025-04-11,10.0,LOSS,-10.0,1502.9657185692472
3652,2025-04-11,10.0,WIN,9.00900900900901,1511.9747275782563
3654,2025-04-11,43.87356231242295,WIN,50.45459665928639,1562.4293242375427
3655,2025-04-11,10.0,WIN,8.771929824561402,1571.201254062104
3657,2025-04-11,38.251608712530164,WIN,42.07676958378318,1613.2780236458873
3662,2025-04-11,10.0,LOSS,-10.0,1603.2780236458873
3664,2025-04-13,10.0,WIN,8.771929824561402,1612.0499534704486
3665,2025-04-13,10.0,WIN,8.695652173913043,1620.7456056443616
3667,2025-04-13,10.0,LOSS,-10.0,1610.7456056443616
3668,2025-04-13,10.0,LOSS,-10.0,1600.7456056443616
3669,2025-04-13,10.0,WIN,6.25,1606.9956056443616
3671,2025-04-13,10.458327401533516,LOSS,-10.458327401533516,1596.537278242828
3673,2025-04-13,10.0,WIN,7.518796992481203,1604.0560752353092
3675,2025-04-13,53.415067305335825,WIN,64.09808076640299,1668.1541560017122
3677,2025-04-13,10.0,WIN,9.09090909090909,1677.2450650926212
3678,2025-04-13,10.0,WIN,9.09090909090909,1686.3359741835302
3679,2025-04-13,10.0,LOSS,-10.0,1676.3359741835302
3680,2025-04-13,14.872452762956327,WIN,14.300435348996468,1690.6364095325266
3681,2025-04-13,10.0,WIN,8.333333333333336,1698.9697428658599
3683,2025-04-13,10.0,LOSS,-10.0,1688.9697428658599
3688,2025-04-13,10.0,LOSS,-10.0,1678.9697428658599
3690,2025-04-13,12.911277322638439,LOSS,-12.911277322638439,1666.0584655432215
3691,2025-04-13,10.0,LOSS,-10.0,1656.0584655432215
3693,2025-04-13,10.0,WIN,8.196721311475411,1664.2551868546968
3696,2025-04-13,10.0,LOSS,-10.0,1654.2551868546968
3698,2025-04-13,10.0,WIN,9.174311926605505,1663.4294987813023
3699,2025-04-13,10.0,LOSS,-10.0,1653.4294987813023
3700,2025-04-13,10.0,WIN,7.692307692307693,1661.12180647361
3701,2025-04-13,10.0,LOSS,-10.0,1651.12180647361
3706,2025-04-13,10.0,LOSS,-10.0,1641.12180647361
3708,2025-04-13,10.0,LOSS,-10.0,1631.12180647361
3709,2025-04-13,10.0,WIN,8.771929824561402,1639.8937362981712
3710,2025-04-13,10.0,LOSS,-10.0,1629.8937362981712
3712,2025-04-13,10.0,WIN,8.928571428571429,1638.8223077267426
3713,2025-04-13,12.602543546418627,LOSS,-12.602543546418627,1626.2197641803239
3716,2025-04-13,10.0,WIN,8.47457627118644,1634.6943404515102
3718,2025-04-13,10.0,LOSS,-10.0,1624.6943404515102
3719,2025-04-13,10.0,WIN,8.333333333333336,1633.0276737848435
3720,2025-04-13,10.0,WIN,8.928571428571429,1641.9562452134148
3722,2025-04-13,10.0,WIN,9.09090909090909,1651.0471543043238
3727,2025-04-13,47.90908133837849,LOSS,-47.90908133837849,1603.1380729659454
3728,2025-04-13,10.0,LOSS,-10.0,1593.1380729659454
3732,2025-04-13,16.01741018559961,WIN,15.550883675339426,1608.688956641285
3735,2025-04-13,14.272288423321523,WIN,13.723354253193772,1622.4123108944787
3741,2025-04-13,14.394042022255858,WIN,13.840425021399865,1636.2527359158785
3742,2025-04-13,10.0,LOSS,-10.0,1626.2527359158785
3744,2025-04-13,10.0,WIN,6.25,1632.5027359158785
3745,2025-04-13,10.0,WIN,7.692307692307693,1640.195043608186
3746,2025-04-13,10.0,LOSS,-10.0,1630.195043608186
3748,2025-04-13,16.389980968436696,LOSS,-16.389980968436696,1613.8050626397494
3750,2025-04-13,10.5026433476595,WIN,9.908154101565566,1623.713216741315
3751,2025-04-13,12.486354636740689,WIN,11.891766320705418,1635.6049830620204
3754,2025-04-13,16.444372499705544,LOSS,-16.444372499705544,1619.1606105623148
3756,2025-04-13,12.451345095224179,WIN,11.858423900213504,1631.0190344625282
3757,2025-04-13,12.54253637501682,WIN,11.945272738111257,1642.9643072006395
3759,2025-04-13,10.0,WIN,8.403361344537815,1651.3676685451774
3760,2025-04-13,10.0,WIN,8.333333333333336,1659.7010018785106
3763,2025-04-13,10.0,LOSS,-10.0,1649.7010018785106
3766,2025-04-13,10.0,WIN,7.692307692307693,1657.3933095708182
3767,2025-04-13,10.0,WIN,8.771929824561402,1666.1652393953796
3768,2025-04-13,48.34776872923808,LOSS,-48.34776872923808,1617.8174706661414
3770,2025-04-13,10.52875609909526,WIN,9.932788772731378,1627.7502594388727
3774,2025-04-13,10.0,WIN,8.695652173913043,1636.4459116127857
3775,2025-04-13,10.0,WIN,8.0,1644.4459116127857
3776,2025-04-13,10.0,WIN,8.403361344537815,1652.8492729573236
3777,2025-04-13,10.0,WIN,6.666666666666665,1659.5159396239903
3779,2025-04-13,12.761677575708463,WIN,12.15397864353187,1671.6699182675222
3780,2025-04-13,10.0,LOSS,-10.0,1661.6699182675222
3782,2025-04-13,10.0,LOSS,-10.0,1651.6699182675222
3783,2025-04-13,10.0,WIN,7.407407407407408,1659.0773256749296
3784,2025-04-13,10.0,LOSS,-10.0,1649.0773256749296
3785,2025-04-13,12.681404634440186,LOSS,-12.681404634440186,1636.3959210404894
3786,2025-04-13,10.0,WIN,8.0,1644.3959210404894
3787,2025-04-13,18.47643256881093,LOSS,-18.47643256881093,1625.9194884716785
3788,2025-04-13,10.0,WIN,7.692307692307693,1633.6117961639861
3792,2025-04-13,10.0,LOSS,-10.0,1623.6117961639861
3793,2025-04-13,10.0,LOSS,-10.0,1613.6117961639861
