bet_id,date,game_id,player,market,side,line,entry_odds_dec,entry_time,close_line,close_odds_dec,close_time,direction,clv_line,clv_price,clv_novig,clv_pct,beat_closing,result,won,profit,predicted_pra,player_sigma,ev_entry,stake
2025-10-23_draymond_green_20.5_UNDER,2025-10-23,Denver Nuggets @ Golden State Warriors,Draymond Green,PRA,UNDER,20.5,1.8,2025-10-24 13:37:56.169062,,,,-1,,,,,,29.0,0.0,-1.2729995110876615,18.352941176470587,8.786887966807518,0.0737348454885062,1.2729995110876615
2025-10-23_gary_payton_ii_9.5_OVER,2025-10-23,Denver Nuggets @ Golden State Warriors,Gary Payton II,PRA,OVER,9.5,1.869565217391304,2025-10-24 13:37:56.162148,,,,1,,,,,,13.0,1.0,2.4020254505487877,15.398576512455517,7.356872283429021,0.4744498731910372,2.762329268131107
2025-10-23_jimmy_butler_24.5_OVER,2025-10-23,Denver Nuggets @ Golden State Warriors,Jimmy Butler,PRA,OVER,24.5,1.9523809523809523,2025-10-24 13:37:56.168114,,,,1,,,,,,32.0,1.0,1.0511502929535848,25.96825396825397,11.414216814658658,0.0761060822893684,1.103707807601264
2025-10-23_jonas_valanciunas_10.5_OVER,2025-10-23,Denver Nuggets @ Golden State Warriors,Jonas Valanciunas,PRA,OVER,10.5,1.8,2025-10-24 13:23:27.973686,,,,1,,,,,,13.0,1.0,1.7810659909529882,18.352941176470587,11.648054712667928,0.3498255384228653,2.2263324886912352
2025-10-23_peyton_watson_8.5_OVER,2025-10-23,Denver Nuggets @ Golden State Warriors,Peyton Watson,PRA,OVER,8.5,2.0,2025-10-24 13:22:33.819376,,,,1,,,,,,5.0,0.0,-2.267737448741123,14.913793103448276,8.255014432645881,0.562815992406398,2.267737448741123
2025-10-23_aaron_gordon_35.5_UNDER,2025-10-23,Denver Nuggets @ Golden State Warriors,Aaron Gordon,PRA,UNDER,35.5,1.9523809523809523,2025-10-24T14:04:34.791177,,,,-1,,,,,,60.0,0.0,-2.9770491845650584,21.66304347826087,11.217495396944631,0.7401733199345746,2.9770491845650584
2025-10-23_al_horford_12.5_OVER,2025-10-23,Denver Nuggets @ Golden State Warriors,Al Horford,PRA,OVER,12.5,1.76,2025-10-24T14:04:34.792158,,,,1,,,,,,18.0,1.0,3.8,20.36764705882353,8.652077700576182,0.5251371728731398,5.0
2025-10-23_jamal_murray_35.5_UNDER,2025-10-23,Denver Nuggets @ Golden State Warriors,Jamal Murray,PRA,UNDER,35.5,1.8333333333333337,2025-10-24T14:04:34.793076,,,,-1,,,,,,38.0,0.0,-2.9770491845650584,25.714285714285715,10.783306550230176,0.4995299586745813,2.9770491845650584
2025-10-23_cameron_johnson_14.5_OVER,2025-10-23,Denver Nuggets @ Golden State Warriors,Cameron Johnson,PRA,OVER,14.5,1.8,2025-10-24T14:04:34.794017,,,,1,,,,,,10.0,0.0,-2.9770491845650584,22.7979797979798,9.380489897424477,0.4612647529616728,2.9770491845650584
2025-10-23_bruce_brown_8.5_OVER,2025-10-23,Denver Nuggets @ Golden State Warriors,Bruce Brown,PRA,OVER,8.5,1.8333333333333337,2025-10-24T14:04:34.794924,,,,1,,,,,,12.0,1.0,2.480874320470883,16.807550644567222,10.915473989364498,0.423941573621361,2.9770491845650584
2025-10-23_nikola_jokic_49.5_UNDER,2025-10-23,Denver Nuggets @ Golden State Warriors,Nikola Jokic,PRA,UNDER,49.5,1.86,2025-10-24T14:04:34.795787,,,,-1,,,,,,44.0,1.0,8.600000000000001,38.41935483870968,13.75741601838569,0.3935563222706644,10.0
2025-10-23_jonathan_kuminga_24.5_UNDER,2025-10-23,Denver Nuggets @ Golden State Warriors,Jonathan Kuminga,PRA,UNDER,24.5,1.8333333333333337,2025-10-24T14:04:34.796638,,,,-1,,,,,,22.0,1.0,6.16666666666667,19.904761904761905,8.672796651302658,0.2867988925709419,7.4
2025-10-23_christian_braun_18.5_OVER,2025-10-23,Denver Nuggets @ Golden State Warriors,Christian Braun,PRA,OVER,18.5,1.869565217391304,2025-10-24T14:04:34.797490,,,,1,,,,,,12.0,0.0,-2.9770491845650584,21.66304347826087,8.726652046216433,0.1993168128599408,2.9770491845650584
2025-10-23_jimmy_butler_29.5_UNDER,2025-10-23,Denver Nuggets @ Golden State Warriors,Jimmy Butler,PRA,UNDER,29.5,1.869565217391304,2025-10-24T14:04:34.798388,,,,-1,,,,,,32.0,0.0,-2.7719283337215805,25.96825396825397,11.414216814658658,0.1619303084814752,2.7719283337215805
2025-10-23_brandin_podziemski_22.5_UNDER,2025-10-23,Denver Nuggets @ Golden State Warriors,Brandin Podziemski,PRA,UNDER,22.5,1.9523809523809523,2025-10-24T14:04:34.799239,,,,-1,,,,,,15.0,1.0,1.838647244113583,20.57943925233645,10.092382727644294,0.1235214556512076,1.9305796063192624
2025-10-23_stephen_curry_31.5_UNDER,2025-10-23,Denver Nuggets @ Golden State Warriors,Stephen Curry,PRA,UNDER,31.5,1.92,2025-10-24T14:04:34.800142,,,,-1,,,,,,55.0,0.0,-20.0,29.0,13.76695443240586,0.0487572807641541,20.0
2025-10-23_buddy_hield_15.5_OVER,2025-10-23,Denver Nuggets @ Golden State Warriors,Buddy Hield,PRA,OVER,15.5,1.869565217391304,2025-10-24T14:04:34.800989,,,,1,,,,,,15.0,0.0,-0.6101816457954813,16.807550644567222,9.639341592581754,0.0356455471562422,0.6101816457954813
2025-10-24_cooper_flagg_27.5_UNDER,2025-10-24,Washington Wizards @ Dallas Mavericks,Cooper Flagg,PRA,UNDER,27.5,1.8333333333333337,2025-10-24T22:11:25.937005,,,,-1,,,,,,,,,16.807550644567222,7.97,0.6685809210423712,6.216812658049661
2025-10-24_austin_reaves_31.5_UNDER,2025-10-24,Minnesota Timberwolves @ Los Angeles Lakers,Austin Reaves,PRA,UNDER,31.5,1.8771929824561404,2025-10-24T22:11:25.938805,,,,-1,,,,,,43.0,0.0,-9.04855531553019,22.804054054054053,7.97,0.6188578463850213,9.04855531553019
2025-10-24_derrick_white_29.5_UNDER,2025-10-24,Boston Celtics @ New York Knicks,Derrick White,PRA,UNDER,29.5,1.8771929824561404,2025-10-24T22:11:25.939593,,,,-1,,,,,,23.0,1.0,4.692906308634902,22.804054054054053,6.879567196286763,0.5670810223185504,5.349913191843788
2025-10-24_giannis_antetokounmpo_50.5_UNDER,2025-10-24,Milwaukee Bucks @ Toronto Raptors,Giannis Antetokounmpo,PRA,UNDER,50.5,1.900900900900901,2025-10-24T22:11:25.941335,,,,-1,,,,,,58.0,0.0,-6.600458506893646,41.78181818181818,11.462513065624494,0.4761381908801434,6.600458506893646
2025-10-24_evan_mobley_34.5_UNDER,2025-10-24,Cleveland Cavaliers @ Brooklyn Nets,Evan Mobley,PRA,UNDER,34.5,1.8333333333333337,2025-10-24T22:11:25.942088,,,,-1,,,,,,26.0,1.0,4.166666666666669,26.761755485893417,9.517976882170744,0.4518072534638915,5.0
2025-10-24_jalen_johnson_31.5_UNDER,2025-10-24,Atlanta Hawks @ Orlando Magic,Jalen Johnson,PRA,UNDER,31.5,1.900900900900901,2025-10-24T22:11:25.943003,,,,-1,,,,,,21.0,1.0,6.172477519168101,22.418803418803417,13.09925154572186,0.436942365011787,6.851450046276591
2025-10-24_donovan_mitchell_38.5_UNDER,2025-10-24,Cleveland Cavaliers @ Brooklyn Nets,Donovan Mitchell,PRA,UNDER,38.5,1.847457627118644,2025-10-24T22:11:25.944713,,,,-1,,,,,,42.0,0.0,-5.0,29.0,12.590531227928423,0.431292052785805,5.0
2025-10-24_terance_mann_10.5_OVER,2025-10-24,Cleveland Cavaliers @ Brooklyn Nets,Terance Mann,PRA,OVER,10.5,1.819672131147541,2025-10-24T22:11:25.945580,,,,1,,,,,,7.0,0.0,-5.0,16.807550644567222,8.225216517275266,0.416462292908187,5.0
2025-10-24_jarrett_allen_26.5_UNDER,2025-10-24,Cleveland Cavaliers @ Brooklyn Nets,Jarrett Allen,PRA,UNDER,26.5,1.8064516129032255,2025-10-24T22:11:25.947352,,,,-1,,,,,,33.0,0.0,-5.0,16.807550644567222,13.200331946598208,0.3884463786590457,5.0
2025-10-24_luka_doncic_47.5_UNDER,2025-10-24,Minnesota Timberwolves @ Los Angeles Lakers,Luka Doncic,PRA,UNDER,47.5,1.900900900900901,2025-10-24T22:11:25.948271,,,,-1,,,,,,68.0,0.0,-9.04855531553019,39.18357487922705,13.803884266836617,0.3811362591441395,9.04855531553019
2025-10-24_devin_booker_39.5_UNDER,2025-10-24,Phoenix Suns @ Los Angeles Clippers,Devin Booker,PRA,UNDER,39.5,1.8333333333333337,2025-10-24T22:11:25.950024,,,,-1,,,,,,28.0,1.0,11.002288724401444,29.0,15.87807992056196,0.3672752701719006,13.202746469281726
2025-10-24_anthony_davis_40.5_UNDER,2025-10-24,Washington Wizards @ Dallas Mavericks,Anthony Davis,PRA,UNDER,40.5,1.925925925925926,2025-10-24T22:11:25.950813,,,,-1,,,,,,44.0,0.0,-6.216812658049661,31.944099378881997,15.577494754881334,0.3646768433894469,6.216812658049661
2025-10-24_jonathan_kuminga_24.5_UNDER,2025-10-24,Golden State Warriors @ Portland Trail Blazers,Jonathan Kuminga,PRA,UNDER,24.5,1.9345794392523368,2025-10-24T22:11:25.952650,,,,-1,,,,,,27.0,0.0,-5.106062554150872,19.904761904761905,8.672796651302658,0.357862552738411,5.106062554150872
2025-10-24_svi_mykhailiuk_12.5_OVER,2025-10-24,Utah Jazz @ Sacramento Kings,Svi Mykhailiuk,PRA,OVER,12.5,1.9803921568627452,2025-10-24T22:11:25.953618,,,,1,,,,,,13.0,1.0,4.394859692504638,16.807550644567222,8.985480515918127,0.3549237969474841,4.48275688635473
2025-10-24_sam_hauser_12.5_OVER,2025-10-24,Boston Celtics @ New York Knicks,Sam Hauser,PRA,OVER,12.5,1.8928571428571428,2025-10-24T22:11:25.954427,,,,1,,,,,,21.0,1.0,4.776708207003382,16.807550644567222,8.30969116502303,0.3210293178061824,5.349913191843788
2025-10-24_khris_middleton_23.5_UNDER,2025-10-24,Washington Wizards @ Dallas Mavericks,Khris Middleton,PRA,UNDER,23.5,1.8130081300813008,2025-10-24T22:11:25.955381,,,,-1,,,,,,15.0,1.0,5.054319234186716,16.807550644567222,11.206818235275202,0.3140778149823179,6.216812658049661
2025-10-24_domantas_sabonis_37.5_UNDER,2025-10-24,Utah Jazz @ Sacramento Kings,Domantas Sabonis,PRA,UNDER,37.5,1.925925925925926,2025-10-24T22:11:25.956195,,,,-1,,,,,,25.0,1.0,4.150700820698825,32.1725888324873,11.26762060779283,0.3131436749787805,4.48275688635473
2025-10-24_keyonte_george_26.5_UNDER,2025-10-24,Utah Jazz @ Sacramento Kings,Keyonte George,PRA,UNDER,26.5,1.9345794392523368,2025-10-24T22:11:25.957197,,,,-1,,,,,,30.0,0.0,-4.48275688635473,21.66304347826087,10.518743510025471,0.3100682985320789,4.48275688635473
2025-10-24_jrue_holiday_22.5_UNDER,2025-10-24,Golden State Warriors @ Portland Trail Blazers,Jrue Holiday,PRA,UNDER,22.5,1.8064516129032255,2025-10-24T22:11:25.958019,,,,-1,,,,,,28.0,0.0,-5.106062554150872,18.352941176470587,7.0223529412924455,0.3053228022272293,5.106062554150872
2025-10-24_demar_derozan_31.5_UNDER,2025-10-24,Utah Jazz @ Sacramento Kings,DeMar DeRozan,PRA,UNDER,31.5,1.9090909090909092,2025-10-24T22:11:25.959829,,,,-1,,,,,,16.0,1.0,4.075233533049755,25.361563517915304,13.294213781870658,0.2941062856473222,4.48275688635473
2025-10-24_andrew_wiggins_25.5_UNDER,2025-10-24,Miami Heat @ Memphis Grizzlies,Andrew Wiggins,PRA,UNDER,25.5,1.9433962264150944,2025-10-24T22:11:25.960798,,,,-1,,,,,,20.0,1.0,5.043502520454188,21.07281553398058,11.17692065621181,0.2709511556842447,5.34611267168144
2025-10-24_trae_young_36.5_UNDER,2025-10-24,Atlanta Hawks @ Orlando Magic,Trae Young,PRA,UNDER,36.5,1.9090909090909092,2025-10-24T22:11:25.961632,,,,-1,,,,,,32.0,1.0,6.228590951160538,32.1725888324873,10.54674794478519,0.258491536863729,6.851450046276591
2025-10-24_kyle_filipowski_18.5_OVER,2025-10-24,Utah Jazz @ Sacramento Kings,Kyle Filipowski,PRA,OVER,18.5,1.9615384615384617,2025-10-24T22:11:25.962699,,,,1,,,,,,20.0,1.0,4.310343159956472,22.418803418803417,10.864467169690254,0.257027987169551,4.48275688635473
2025-10-24_michael_porter_jr_25.5_UNDER,2025-10-24,Cleveland Cavaliers @ Brooklyn Nets,Michael Porter Jr,PRA,UNDER,25.5,1.8849557522123896,2025-10-24T22:11:25.963589,,,,-1,,,,,,42.0,0.0,-5.0,21.966666666666665,8.285309446005241,0.2537081754904735,5.0
2025-10-24_ja_morant_36.5_UNDER,2025-10-24,Miami Heat @ Memphis Grizzlies,Ja Morant,PRA,UNDER,36.5,1.8547008547008548,2025-10-24T22:11:25.964643,,,,-1,,,,,,20.0,1.0,4.569327069813197,32.59358288770054,8.700543176146242,0.2487309812117311,5.34611267168144
2025-10-24_zach_lavine_30.5_UNDER,2025-10-24,Utah Jazz @ Sacramento Kings,Zach LaVine,PRA,UNDER,30.5,1.900900900900901,2025-10-24T22:11:25.965504,,,,-1,,,,,,34.0,0.0,-4.48275688635473,25.361563517915304,13.173497669088327,0.2389186332762393,4.48275688635473
2025-10-24_kyshawn_george_19.5_UNDER,2025-10-24,Washington Wizards @ Dallas Mavericks,Kyshawn George,PRA,UNDER,19.5,1.9433962264150944,2025-10-24T22:11:25.966591,,,,-1,,,,,,49.0,0.0,-6.216812658049661,16.807550644567222,7.692866955006693,0.2376091579848381,6.216812658049661
2025-10-24_tobias_harris_21.5_UNDER,2025-10-24,Detroit Pistons @ Houston Rockets,Tobias Harris,PRA,UNDER,21.5,1.8547008547008548,2025-10-24T22:11:25.967472,,,,-1,,,,,,21.0,1.0,3.6630036630036633,17.470967741935482,9.641643352319424,0.2277783997491514,4.285714285714286
2025-10-24_mikal_bridges_23.5_UNDER,2025-10-24,Boston Celtics @ New York Knicks,Mikal Bridges,PRA,UNDER,23.5,1.8849557522123896,2025-10-24T22:11:25.968500,,,,-1,,,,,,20.0,1.0,4.734436452959105,19.904761904761905,9.787365642833798,0.2126208334806627,5.349913191843788
2025-10-24_stephen_curry_34.5_UNDER,2025-10-24,Golden State Warriors @ Portland Trail Blazers,Stephen Curry,PRA,UNDER,34.5,1.847457627118644,2025-10-24T22:11:25.969388,,,,-1,,,,,,44.0,0.0,-5.106062554150872,29.0,13.76695443240586,0.2105287069972358,5.106062554150872
2025-10-24_cade_cunningham_40.5_UNDER,2025-10-24,Detroit Pistons @ Houston Rockets,Cade Cunningham,PRA,UNDER,40.5,1.8547008547008548,2025-10-24T22:11:25.971297,,,,-1,,,,,,37.0,1.0,3.6630036630036633,35.70614035087719,12.385622459357776,0.2067435611192173,4.285714285714286
2025-10-24_caris_levert_16.5_OVER,2025-10-24,Detroit Pistons @ Houston Rockets,Caris LeVert,PRA,OVER,16.5,1.8264462809917352,2025-10-24T22:11:25.972328,,,,1,,,,,,,,,19.904761904761905,8.313112147702304,0.2035140483541968,4.285714285714286
2025-10-24_rj_barrett_28.5_UNDER,2025-10-24,Milwaukee Bucks @ Toronto Raptors,R.J. Barrett,PRA,UNDER,28.5,1.819672131147541,2025-10-24T22:11:25.974261,,,,-1,,,,,,28.0,1.0,5.410211890896432,22.418803418803417,15.16338946308966,0.1933525991982245,6.600458506893646
2025-10-24_jimmy_butler_29.5_UNDER,2025-10-24,Golden State Warriors @ Portland Trail Blazers,Jimmy Butler,PRA,UNDER,29.5,1.9090909090909092,2025-10-24T22:11:25.976338,,,,-1,,,,,,21.0,1.0,4.641875049228066,25.96825396825397,11.414216814658658,0.1864954312823522,5.106062554150872
2025-10-24_kevin_durant_33.5_UNDER,2025-10-24,Detroit Pistons @ Houston Rockets,Kevin Durant,PRA,UNDER,33.5,1.869565217391304,2025-10-24T22:11:25.977254,,,,-1,,,,,,41.0,0.0,-4.285714285714286,29.0,13.078517997681118,0.1864360231782232,4.285714285714286
2025-10-24_ben_saraf_13.5_OVER,2025-10-24,Cleveland Cavaliers @ Brooklyn Nets,Ben Saraf,PRA,OVER,13.5,1.78125,2025-10-24T22:11:25.979250,,,,1,,,,,,,,,16.807550644567222,7.97,0.1772799202591376,5.0
2025-10-24_franz_wagner_32.5_UNDER,2025-10-24,Atlanta Hawks @ Orlando Magic,Franz Wagner,PRA,UNDER,32.5,1.8849557522123896,2025-10-24T22:11:25.980399,,,,-1,,,,,,35.0,0.0,-6.731988710313386,29.0,11.189985502897851,0.1739051468749537,6.731988710313386
2025-10-24_devin_vassell_23.5_UNDER,2025-10-24,San Antonio Spurs @ New Orleans Pelicans,Devin Vassell,PRA,UNDER,23.5,1.8547008547008548,2025-10-24T22:11:25.981348,,,,-1,,,,,,29.0,0.0,-3.9702778345036136,19.904761904761905,10.824832561978718,0.1686543877848713,3.9702778345036136
2025-10-24_saddiq_bey_18.5_OVER,2025-10-24,San Antonio Spurs @ New Orleans Pelicans,Saddiq Bey,PRA,OVER,18.5,1.862068965517241,2025-10-24T22:11:25.982442,,,,1,,,,,,14.0,0.0,-3.810789616546264,21.03370786516854,7.97,0.1632749618798606,3.810789616546264
2025-10-24_shaedon_sharpe_28.5_OVER,2025-10-24,Golden State Warriors @ Portland Trail Blazers,Shaedon Sharpe,PRA,OVER,28.5,1.869565217391304,2025-10-24T22:11:25.983382,,,,1,,,,,,22.0,0.0,-4.78516062178081,31.91025641025641,10.969070412288067,0.1629830889145112,4.78516062178081
2025-10-24_alex_sarr_22.5_UNDER,2025-10-24,Washington Wizards @ Dallas Mavericks,Alex Sarr,PRA,UNDER,22.5,1.9523809523809523,2025-10-24T22:11:25.984517,,,,-1,,,,,,28.0,0.0,-5.132749367801355,20.57943925233645,8.186227413475745,0.1572617030661159,5.132749367801355
2025-10-24_herb_jones_19.5_UNDER,2025-10-24,San Antonio Spurs @ New Orleans Pelicans,Herb Jones,PRA,UNDER,19.5,1.8264462809917352,2025-10-24T22:11:25.986503,,,,-1,,,,,,,,,16.807550644567222,7.97,0.1547737916586122,3.768080612902611
2025-10-24_neemias_queta_18.5_UNDER,2025-10-24,Boston Celtics @ New York Knicks,Neemias Queta,PRA,UNDER,18.5,1.8064516129032255,2025-10-24T22:11:25.987860,,,,-1,,,,,,16.0,1.0,3.853244099484191,15.398576512455517,9.104691256234958,0.1440488457030913,4.7780226833603985
2025-10-24_nikola_jovic_18.5_UNDER,2025-10-24,Miami Heat @ Memphis Grizzlies,Nikola Jovic,PRA,UNDER,18.5,1.8264462809917352,2025-10-24T22:11:25.988913,,,,-1,,,,,,30.0,0.0,-4.590819851806228,15.398576512455517,9.71535116170466,0.1419373749201208,4.590819851806228
2025-10-24_myles_turner_21.5_UNDER,2025-10-24,Milwaukee Bucks @ Toronto Raptors,Myles Turner,PRA,UNDER,21.5,1.9615384615384617,2025-10-24T22:11:25.990125,,,,-1,,,,,,11.0,1.0,4.6198464737424425,19.904761904761905,7.786004513534522,0.1399856227841561,4.80464033269214
2025-10-24_walker_kessler_23.5_UNDER,2025-10-24,Utah Jazz @ Sacramento Kings,Walker Kessler,PRA,UNDER,23.5,1.9090909090909092,2025-10-24T22:11:25.991148,,,,-1,,,,,,14.0,1.0,2.821326074428745,21.07281553398058,10.697811339019283,0.1258745966356868,3.103458681871619
2025-10-24_payton_pritchard_25.5_UNDER,2025-10-24,Boston Celtics @ New York Knicks,Payton Pritchard,PRA,UNDER,25.5,1.8771929824561404,2025-10-24T22:11:25.992362,,,,-1,,,,,,19.0,1.0,3.352916271284603,22.804054054054053,10.697844327482157,0.1253446981680485,3.822324549264447
2025-10-24_grayson_allen_20.5_UNDER,2025-10-24,Phoenix Suns @ Los Angeles Clippers,Grayson Allen,PRA,UNDER,20.5,1.78125,2025-10-24T22:11:25.993352,,,,-1,,,,,,18.0,1.0,7.62564135362701,18.352941176470587,6.668926918147099,0.1155159855772322,9.760820932642574
2025-10-24_scottie_barnes_30.5_UNDER,2025-10-24,Milwaukee Bucks @ Toronto Raptors,Scottie Barnes,PRA,UNDER,30.5,1.847457627118644,2025-10-24T22:11:25.994570,,,,-1,,,,,,25.0,1.0,3.4756420281844824,27.771428571428572,10.961503997411166,0.1053151693796561,4.10125759325769
2025-10-24_kristaps_porzingis_25.5_UNDER,2025-10-24,Atlanta Hawks @ Orlando Magic,Kristaps Porzingis,PRA,UNDER,25.5,1.9345794392523368,2025-10-24T22:11:25.995574,,,,-1,,,,,,,,,23.879310344827587,9.053061060232071,0.1047212053731444,3.838582774589845
2025-10-24_jaylen_wells_18.5_UNDER,2025-10-24,Miami Heat @ Memphis Grizzlies,Jaylen Wells,PRA,UNDER,18.5,1.869565217391304,2025-10-24T22:11:25.996737,,,,-1,,,,,,14.0,1.0,2.735130399709005,16.807550644567222,7.4704448596648865,0.1023222130800607,3.145399959665357
2025-10-24_brandon_ingram_29.5_UNDER,2025-10-24,Milwaukee Bucks @ Toronto Raptors,Brandon Ingram,PRA,UNDER,29.5,1.8,2025-10-24T22:11:25.997752,,,,-1,,,,,,38.0,0.0,-3.9985765040321057,25.361563517915304,14.898906200287422,0.096928454284948,3.9985765040321057
2025-10-24_jordan_poole_23.5_UNDER,2025-10-24,San Antonio Spurs @ New Orleans Pelicans,Jordan Poole,PRA,UNDER,23.5,1.8264462809917352,2025-10-24T22:11:25.999039,,,,-1,,,,,,30.0,0.0,-2.354502932054418,20.857142857142858,10.38277472948321,0.0967111332537727,2.354502932054418
2025-10-24_toumani_camara_20.5_UNDER,2025-10-24,Golden State Warriors @ Portland Trail Blazers,Toumani Camara,PRA,UNDER,20.5,1.7874015748031495,2025-10-24T22:11:26.000055,,,,-1,,,,,,28.0,0.0,-2.9563569248759545,18.352941176470587,7.652220418851925,0.091179458678396,2.9563569248759545
2025-10-24_james_harden_35.5_UNDER,2025-10-24,Phoenix Suns @ Los Angeles Clippers,James Harden,PRA,UNDER,35.5,1.8130081300813008,2025-10-24T22:11:26.001287,,,,-1,,,,,,44.0,0.0,-7.036432598075699,32.1725888324873,13.219154163665271,0.0866588921072549,7.036432598075699
2025-10-24_aj_green_13.5_OVER,2025-10-24,Milwaukee Bucks @ Toronto Raptors,A.J. Green,PRA,OVER,13.5,1.8849557522123896,2025-10-24T22:11:26.003530,,,,1,,,,,,10.0,0.0,-2.618092730129376,14.746630727762804,7.304063574627696,0.0702040992738192,2.618092730129376
2025-10-24_deni_avdija_33.5_OVER,2025-10-24,Golden State Warriors @ Portland Trail Blazers,Deni Avdija,PRA,OVER,33.5,1.9174311926605505,2025-10-24T22:11:26.004567,,,,1,,,,,,37.0,1.0,1.6827818685685745,35.70614035087719,15.690954510885568,0.0659130925531098,1.834232236739746
2025-10-24_julius_randle_30.5_OVER,2025-10-24,Minnesota Timberwolves @ Los Angeles Lakers,Julius Randle,PRA,OVER,30.5,1.847457627118644,2025-10-24T22:11:26.005760,,,,1,,,,,,41.0,1.0,2.4189271639062917,31.91025641025641,7.97,0.0534654887892356,2.8543340534094246
2025-10-24_jalen_suggs_16.5_OVER,2025-10-24,Atlanta Hawks @ Orlando Magic,Jalen Suggs,PRA,OVER,16.5,1.869565217391304,2025-10-24T22:11:26.006792,,,,1,,,,,,18.0,1.0,1.477798314110285,18.352941176470587,12.709380344380532,0.0431382642835845,1.6994680612268285
2025-10-24_ryan_rollins_18.5_UNDER,2025-10-24,Milwaukee Bucks @ Toronto Raptors,Ryan Rollins,PRA,UNDER,18.5,1.8130081300813008,2025-10-24T22:11:26.008045,,,,-1,,,,,,20.0,0.0,-1.2765158261013958,16.807550644567222,9.748483534909615,0.0314468379344848,1.2765158261013958
2025-10-24_kentavious_caldwell-pope_15.5_OVER,2025-10-24,Miami Heat @ Memphis Grizzlies,Kentavious Caldwell-Pope,PRA,OVER,15.5,1.8264462809917352,2025-10-24T22:11:26.009101,,,,1,,,,,,16.0,1.0,0.7267185965311206,16.807550644567222,8.325815421337188,0.0271868043627503,0.8793295018026562
2025-10-24_dyson_daniels_20.5_OVER,2025-10-24,Atlanta Hawks @ Orlando Magic,Dyson Daniels,PRA,OVER,20.5,1.862068965517241,2025-10-24T22:11:26.010346,,,,1,,,,,,19.0,0.0,-0.9516205879344576,21.66304347826087,9.274487091458507,0.0239471227335705,0.9516205879344576
2025-10-24_jaylen_brown_37.5_UNDER,2025-10-24,Boston Celtics @ New York Knicks,Jaylen Brown,PRA,UNDER,37.5,1.8264462809917352,2025-10-24T23:03:11.101254,,,,-1,,,,,,30.0,1.0,4.774705776240694,22.418803418803417,14.361137661637567,0.5582746316179772,5.777393989251242
2025-10-24_kawhi_leonard_29.5_UNDER,2025-10-24,Phoenix Suns @ Los Angeles Clippers,Kawhi Leonard,PRA,UNDER,29.5,1.970873786407767,2025-10-24T23:03:11.102659,,,,-1,,,,,,37.0,0.0,-11.01147892218727,22.7979797979798,9.32809788440462,0.5052908611279119,11.01147892218727
2025-10-24_zion_williamson_40.5_UNDER,2025-10-24,San Antonio Spurs @ New Orleans Pelicans,Zion Williamson,PRA,UNDER,40.5,1.9174311926605505,2025-10-24T23:03:11.104156,,,,-1,,,,,,44.0,0.0,-4.548596359943525,34.63043478260869,8.486023013481663,0.4484833183744136,4.548596359943525
2025-10-24_jaren_jackson_jr_31.5_UNDER,2025-10-24,Miami Heat @ Memphis Grizzlies,Jaren Jackson Jr,PRA,UNDER,31.5,1.8928571428571428,2025-10-24T23:03:11.105476,,,,-1,,,,,,23.0,1.0,5.188626705169112,22.418803418803417,14.04202355396498,0.4027813011817254,5.811261909789406
2025-10-24_victor_wembanyama_44.5_UNDER,2025-10-24,San Antonio Spurs @ New Orleans Pelicans,Victor Wembanyama,PRA,UNDER,44.5,1.8264462809917352,2025-10-24T23:03:11.106845,,,,-1,,,,,,42.0,1.0,3.75917054540787,37.45,9.646693998955094,0.4018989707031927,4.548596359943525
2025-10-24_trey_murphy_iii_27.5_UNDER,2025-10-24,San Antonio Spurs @ New Orleans Pelicans,Trey Murphy III,PRA,UNDER,27.5,1.8771929824561404,2025-10-24T23:03:11.108171,,,,-1,,,,,,39.0,0.0,-4.548596359943525,20.57943925233645,11.589723716186072,0.3605695547288194,4.548596359943525
2025-10-24_amen_thompson_27.5_UNDER,2025-10-24,Detroit Pistons @ Houston Rockets,Amen Thompson,PRA,UNDER,27.5,1.9615384615384617,2025-10-24T23:03:11.109575,,,,-1,,,,,,15.0,1.0,6.369568288427152,21.966666666666665,11.03512071781715,0.3573169491659943,6.624351019964236
2025-10-24_jalen_duren_25.5_UNDER,2025-10-24,Detroit Pistons @ Houston Rockets,Jalen Duren,PRA,UNDER,25.5,1.9345794392523368,2025-10-24T23:03:11.110824,,,,-1,,,,,,12.0,1.0,6.190982261648821,21.07281553398058,8.414718340781079,0.355364303525568,6.624351019964236
2025-10-24_cam_thomas_26.5_UNDER,2025-10-24,Cleveland Cavaliers @ Brooklyn Nets,Cam Thomas,PRA,UNDER,26.5,1.9090909090909092,2025-10-24T23:03:11.112195,,,,-1,,,,,,44.0,0.0,-4.285714285714286,21.66304347826087,13.015402000427342,0.2312052696840135,4.285714285714286
2025-10-24_bam_adebayo_31.5_UNDER,2025-10-24,Miami Heat @ Memphis Grizzlies,Bam Adebayo,PRA,UNDER,31.5,1.9433962264150944,2025-10-24T23:03:11.113511,,,,-1,,,,,,33.0,0.0,-5.326986140949872,29.0,9.521193616240437,0.1729558468212193,5.326986140949872
2025-10-24_donovan_clingan_20.5_UNDER,2025-10-24,Golden State Warriors @ Portland Trail Blazers,Donovan Clingan,PRA,UNDER,20.5,1.9523809523809523,2025-10-24T23:03:11.114645,,,,-1,,,,,,24.0,0.0,-4.751985475517234,18.352941176470587,8.413106317890053,0.1728289151964047,4.751985475517234
2025-10-24_stephon_castle_29.5_UNDER,2025-10-24,San Antonio Spurs @ New Orleans Pelicans,Stephon Castle,PRA,UNDER,29.5,1.9615384615384617,2025-10-24T23:03:11.115942,,,,-1,,,,,,28.0,1.0,3.7749987682189774,26.761755485893417,11.45998057908795,0.1659852169545265,3.925998718947736
2025-10-24_paolo_banchero_37.5_UNDER,2025-10-24,Atlanta Hawks @ Orlando Magic,Paolo Banchero,PRA,UNDER,37.5,1.8130081300813008,2025-10-24T23:03:11.117211,,,,-1,,,,,,18.0,1.0,4.833495383351381,32.59358288770054,13.393646580993128,0.1656525824219135,5.945199321522199
2025-10-24_brandin_podziemski_20.5_UNDER,2025-10-24,Golden State Warriors @ Portland Trail Blazers,Brandin Podziemski,PRA,UNDER,20.5,1.9090909090909092,2025-10-24T23:03:11.118311,,,,-1,,,,,,13.0,1.0,4.118621990155084,17.470967741935482,11.24287077144938,0.1572832709709275,4.5304841891705925
2025-10-24_anthony_edwards_37.5_UNDER,2025-10-24,Minnesota Timberwolves @ Los Angeles Lakers,Anthony Edwards,PRA,UNDER,37.5,1.8547008547008548,2025-10-24T23:03:11.119731,,,,-1,,,,,,40.0,0.0,-5.538246582837011,34.63043478260869,12.3263256040859,0.0980599446301245,5.538246582837011
2025-10-24_julius_randle_30.5_UNDER,2025-10-24,Minnesota Timberwolves @ Los Angeles Lakers,Julius Randle,PRA,UNDER,30.5,1.9090909090909092,2025-10-24T23:03:11.120819,,,,-1,,,,,,41.0,0.0,-5.152976094273456,29.0,7.97,0.0970444403336409,5.152976094273456
2025-10-24_shaedon_sharpe_28.5_UNDER,2025-10-24,Golden State Warriors @ Portland Trail Blazers,Shaedon Sharpe,PRA,UNDER,28.5,1.8849557522123896,2025-10-24T23:03:11.121988,,,,-1,,,,,,22.0,1.0,2.3552481949298043,26.761755485893417,8.806845356820507,0.0899429811554479,2.661430460270678
2025-10-24_cj_mccollum_24.5_UNDER,2025-10-24,Washington Wizards @ Dallas Mavericks,C.J. McCollum,PRA,UNDER,24.5,1.8264462809917352,2025-10-24T23:03:11.123100,,,,-1,,,,,,13.0,1.0,3.2328797579129733,21.07281553398058,14.1977068973076,0.0874178403660858,3.911784507074699
2025-10-24_jerami_grant_19.5_OVER,2025-10-24,Golden State Warriors @ Portland Trail Blazers,Jerami Grant,PRA,OVER,19.5,1.925925925925926,2025-10-24T23:03:11.124331,,,,1,,,,,,26.0,1.0,2.2214630146994834,21.03370786516854,9.628497545686454,0.0848339493471495,2.399180055875442
2025-10-24_dyson_daniels_20.5_UNDER,2025-10-24,Atlanta Hawks @ Orlando Magic,Dyson Daniels,PRA,UNDER,20.5,1.869565217391304,2025-10-24T23:03:11.125463,,,,-1,,,,,,19.0,1.0,2.5116126648239008,18.352941176470587,10.624221179421763,0.0844921264702301,2.888354564547487
2025-10-24_gary_trent_jr_15.5_OVER,2025-10-24,Milwaukee Bucks @ Toronto Raptors,Gary Trent Jr,PRA,OVER,15.5,1.8333333333333337,2025-10-24T23:03:11.126758,,,,1,,,,,,26.0,1.0,2.45350981262561,17.470967741935482,9.93030755215402,0.0608862846902809,2.9442117751507304
2025-10-24_immanuel_quickley_27.5_UNDER,2025-10-24,Milwaukee Bucks @ Toronto Raptors,Immanuel Quickley,PRA,UNDER,27.5,1.8403361344537816,2025-10-24T23:03:11.127927,,,,-1,,,,,,34.0,0.0,-2.8966947932323626,25.96825396825397,7.97,0.0604070256235846,2.8966947932323626
2025-10-24_alperen_sengun_36.5_UNDER,2025-10-24,Detroit Pistons @ Houston Rockets,Alperen Sengun,PRA,UNDER,36.5,1.819672131147541,2025-10-24T23:03:11.129272,,,,-1,,,,,,31.0,1.0,1.6948445181061458,34.63043478260869,9.541688670805485,0.051170130115336,2.0677103120894977
2025-10-24_anfernee_simons_22.5_UNDER,2025-10-24,Boston Celtics @ New York Knicks,Anfernee Simons,PRA,UNDER,22.5,1.8064516129032255,2025-10-24T23:03:11.130457,,,,-1,,,,,,15.0,1.0,1.444961573104947,19.904761904761905,12.652144319940495,0.0500212232640971,1.791752350650135
2025-10-24_draymond_green_19.5_OVER,2025-10-24,Golden State Warriors @ Portland Trail Blazers,Draymond Green,PRA,OVER,19.5,1.8928571428571428,2025-10-24T23:03:11.131721,,,,1,,,,,,20.0,1.0,1.2863561643236323,20.57943925233645,7.912806979774459,0.0491237859755171,1.4407189040424684
2025-10-24_kyshawn_george_19.5_OVER,2025-10-24,Washington Wizards @ Dallas Mavericks,Kyshawn George,PRA,OVER,19.5,1.8130081300813008,2025-10-24T23:03:11.132951,,,,1,,,,,,49.0,1.0,1.0711310399017395,21.07281553398058,9.24493617578375,0.0289636390057815,1.31749117907914
2025-10-24_herb_jones_19.5_OVER,2025-10-24,San Antonio Spurs @ New Orleans Pelicans,Herb Jones,PRA,OVER,19.5,1.847457627118644,2025-10-24T23:03:11.134150,,,,1,,,,,,,,,20.57943925233645,7.97,0.0232460530551637,0.6238477826276543
2025-10-25_pascal_siakam_34.5_UNDER,2025-10-25,Indiana Pacers @ Memphis Grizzlies,Pascal Siakam,PRA,UNDER,34.5,1.9523809523809523,2025-10-26T04:34:21.703157,,,,-1,,,,,,25.0,1.0,13.618047031756117,25.114397048950195,10.22374271112292,0.3194971428571426,14.298949383343922
2025-10-25_vj_edgecombe_26.5_UNDER,2025-10-25,Charlotte Hornets @ Philadelphia 76ers,VJ Edgecombe,PRA,UNDER,26.5,1.900900900900901,2025-10-26T04:34:21.704485,,,,-1,,,,,,,,,18.411874771118164,7.97,0.2847048648648647,6.903123442065913
2025-10-25_tyrese_maxey_36.5_UNDER,2025-10-25,Charlotte Hornets @ Philadelphia 76ers,Tyrese Maxey,PRA,UNDER,36.5,1.862068965517241,2025-10-26T04:34:21.706062,,,,-1,,,,,,43.0,0.0,-6.4857792819701015,23.938108444213867,14.5,0.2584606896551722,6.4857792819701015
2025-10-25_nikola_jokic_49.5_UNDER,2025-10-25,Phoenix Suns @ Denver Nuggets,Nikola Jokic,PRA,UNDER,49.5,1.9090909090909092,2025-10-26T04:34:21.707345,,,,-1,,,,,,36.0,1.0,14.850967256673178,39.08626937866211,13.488651657616863,0.2533463423225817,16.336063982340495
2025-10-25_shai_gilgeous-alexander_46.5_UNDER,2025-10-25,Oklahoma City Thunder @ Atlanta Hawks,Shai Gilgeous-Alexander,PRA,UNDER,46.5,1.862068965517241,2025-10-26T04:34:21.708732,,,,-1,,,,,,39.0,1.0,15.985216429393288,36.724609375,11.364660911884732,0.237486344827586,18.54285105809622
2025-10-25_devin_booker_36.5_UNDER,2025-10-25,Phoenix Suns @ Denver Nuggets,Devin Booker,PRA,UNDER,36.5,1.9433962264150944,2025-10-26T04:34:21.710049,,,,-1,,,,,,35.0,1.0,12.890505677037268,27.65478515625,14.5,0.2066677063040194,13.663936017659504
2025-10-25_quentin_grimes_21.5_OVER,2025-10-25,Charlotte Hornets @ Philadelphia 76ers,Quentin Grimes,PRA,OVER,21.5,1.869565217391304,2025-10-26T04:34:21.711439,,,,1,,,,,,31.0,1.0,5.022664857427638,26.80634117126465,10.62644689238637,0.2048808985687471,5.776064586041786
2025-10-25_anthony_black_15.5_OVER,2025-10-25,Chicago Bulls @ Orlando Magic,Anthony Black,PRA,OVER,15.5,1.925925925925926,2025-10-26T04:34:21.712701,,,,1,,,,,,25.0,1.0,8.291039664820834,19.486495971679688,11.000564462095918,0.1991437268905812,8.954322838006501
2025-10-25_kon_knueppel_15.5_OVER,2025-10-25,Charlotte Hornets @ Philadelphia 76ers,Kon Knueppel,PRA,OVER,15.5,1.99009900990099,2025-10-26T04:34:21.714128,,,,1,,,,,,,,,17.030122756958008,7.97,0.1791572029403129,4.435967722632838
2025-10-25_lamelo_ball_36.5_UNDER,2025-10-25,Charlotte Hornets @ Philadelphia 76ers,LaMelo Ball,PRA,UNDER,36.5,1.862068965517241,2025-10-26T04:34:21.715363,,,,-1,,,,,,44.0,0.0,-4.923904039605237,27.156227111816406,14.5,0.1731485508494467,4.923904039605237
2025-10-25_jaren_jackson_jr_31.5_UNDER,2025-10-25,Indiana Pacers @ Memphis Grizzlies,Jaren Jackson Jr,PRA,UNDER,31.5,1.8403361344537816,2025-10-26T04:34:21.716758,,,,-1,,,,,,20.0,1.0,8.099686409152522,22.38629150390625,14.058690206694632,0.1710779460060256,9.6386268268915
2025-10-25_ayo_dosunmu_17.5_OVER,2025-10-25,Chicago Bulls @ Orlando Magic,Ayo Dosunmu,PRA,OVER,17.5,1.9615384615384617,2025-10-26T04:34:21.718013,,,,1,,,,,,18.0,1.0,6.571185157597031,18.86910057067871,7.612182416083274,0.1578342831869955,6.834032563900911
2025-10-25_nikola_vucevic_33.5_UNDER,2025-10-25,Chicago Bulls @ Orlando Magic,Nikola Vucevic,PRA,UNDER,33.5,1.8264462809917352,2025-10-26T04:34:21.719437,,,,-1,,,,,,25.0,1.0,6.321221033802181,27.48131561279297,9.306071883944911,0.1518303573569627,7.648677450900642
2025-10-25_jarace_walker_17.5_OVER,2025-10-25,Indiana Pacers @ Memphis Grizzlies,Jarace Walker,PRA,OVER,17.5,1.9345794392523368,2025-10-26T04:34:21.720686,,,,1,,,,,,16.0,0.0,-6.062423789764576,18.854562759399418,11.427065891171235,0.1196708393202382,6.062423789764576
2025-10-25_josh_giddey_35.5_OVER,2025-10-25,Chicago Bulls @ Orlando Magic,Josh Giddey,PRA,OVER,35.5,1.9433962264150944,2025-10-26T04:34:21.722110,,,,1,,,,,,32.0,0.0,-3.5735827971678167,35.51762771606445,11.801809505730905,0.0809758697170039,3.5735827971678167
2025-10-25_dyson_daniels_20.5_OVER,2025-10-25,Oklahoma City Thunder @ Atlanta Hawks,Dyson Daniels,PRA,OVER,20.5,1.8333333333333337,2025-10-26T04:34:21.723452,,,,1,,,,,,13.0,0.0,-6.1207060779686335,21.73383140563965,9.24562246133885,0.0662425720033195,6.1207060779686335
2025-10-25_luguentz_dort_17.5_OVER,2025-10-25,Oklahoma City Thunder @ Atlanta Hawks,Luguentz Dort,PRA,OVER,17.5,1.9090909090909092,2025-10-26T04:34:21.724885,,,,1,,,,,,8.0,0.0,-5.3364428639351456,17.53717041015625,8.29830951769889,0.0630051553148698,5.3364428639351456
2025-10-25_tre_jones_19.5_OVER,2025-10-25,Chicago Bulls @ Orlando Magic,Tre Jones,PRA,OVER,19.5,1.78125,2025-10-26T04:34:21.726212,,,,1,,,,,,26.0,1.0,2.335456523456352,21.495737075805664,10.283725851149686,0.0560956809850298,2.9893843500241304
2025-10-25_ryan_kalkbrenner_16.5_OVER,2025-10-25,Charlotte Hornets @ Philadelphia 76ers,Ryan Kalkbrenner,PRA,OVER,16.5,1.869565217391304,2025-10-26T04:34:21.727690,,,,1,,,,,,,,,16.784223556518555,7.97,0.0523249509930677,1.4751609276841262
2025-10-26_derrick_white_31.5_UNDER,2025-10-26,Boston Celtics @ Detroit Pistons,Derrick White,PRA,UNDER,31.5,1.8695652173913042,2025-10-26T15:18:25.314085,,,,-1,,,,,,,,,23.798662185668945,6.580165727168656,0.26352695652173885,10.948792609030352
2025-10-26_cooper_flagg_26.5_UNDER,2025-10-26,Toronto Raptors @ Dallas Mavericks,Cooper Flagg,PRA,UNDER,26.5,1.9345794392523366,2025-10-26T15:18:25.315630,,,,-1,,,,,,,,,18.051748275756836,7.97,0.30746616822429895,14.188744586771193
2025-10-26_donovan_mitchell_40.5_UNDER,2025-10-26,Milwaukee Bucks @ Cleveland Cavaliers,Donovan Mitchell,PRA,UNDER,40.5,1.8547008547008548,2025-10-26T15:18:25.316952,,,,-1,,,,,,,,,29.81830406188965,12.169642458074266,0.24303535042735036,6.918988851378208
2025-10-26_giannis_antetokounmpo_50.5_UNDER,2025-10-26,Milwaukee Bucks @ Cleveland Cavaliers,Giannis Antetokounmpo,PRA,UNDER,50.5,1.8547008547008548,2025-10-26T15:18:25.318296,,,,-1,,,,,,,,,41.13343811035156,11.737985155213943,0.2289526288599496,6.587899550522674
2025-10-26_luka_doncic_51.5_UNDER,2025-10-26,Los Angeles Lakers @ Sacramento Kings,Luka Doncic,PRA,UNDER,51.5,1.8849557522123894,2025-10-26T15:18:25.319629,,,,-1,,,,,,,,,39.60374069213867,13.570171303503379,0.25269635398230084,25.136463999999982
2025-10-26_jaylen_brown_34.5_UNDER,2025-10-26,Boston Celtics @ Detroit Pistons,Jaylen Brown,PRA,UNDER,34.5,1.8695652173913042,2025-10-26T15:18:25.321009,,,,-1,,,,,,,,,22.523223876953125,14.311404128766428,0.26352695652173885,10.948792609030352
2025-10-26_immanuel_quickley_26.5_OVER,2025-10-26,Toronto Raptors @ Dallas Mavericks,Immanuel Quickley,PRA,OVER,26.5,1.9174311926605505,2025-10-26T15:18:25.322415,,,,1,,,,,,,,,27.503189086914062,7.97,0.11240757363510712,5.88898263588005
2025-10-26_shaedon_sharpe_26.5_OVER,2025-10-26,Portland Trail Blazers @ Los Angeles Clippers,Shaedon Sharpe,PRA,OVER,26.5,1.847457627118644,2025-10-26T15:18:25.323755,,,,1,,,,,,,,,28.44482421875,9.513686714668143,0.09886888784356451,11.666528765540612
